Batang_stok,Panjang_stok_mm,ID_potongan,Panjang_potongan_mm,Sumber,Kg_stok_1.6_sekali_per_batang,Kg_stok_2.0_sekali_per_batang,Kg_stok_2.3_sekali_per_batang,Alokasi_kg_potongan_2.3
1,6000,1686891,5399.0001,Revit,22.61,28.26,32.5,29.401331409386767
1,6000,1678283,482.0121,Revit,,,,2.6248928657012676
1,6000,1686066,87.0,Revit,,,,0.47377572491196523
2,6000,1686898,5399.0001,Revit,22.61,28.26,32.5,29.401331409386767
2,6000,1678360,482.0121,Revit,,,,2.6248928657012676
2,6000,1686068,87.0,Revit,,,,0.47377572491196523
3,6000,1686904,5399.0001,Revit,22.61,28.26,32.5,29.401331409386767
3,6000,1678389,482.0121,Revit,,,,2.6248928657012676
3,6000,1686071,87.0,Revit,,,,0.47377572491196523
4,6000,1686910,5399.0001,Revit,22.61,28.26,32.5,29.401331409386767
4,6000,1678413,482.0121,Revit,,,,2.6248928657012676
4,6000,1686074,87.0,Revit,,,,0.47377572491196523
5,6000,1686916,5399.0001,Revit,22.61,28.26,32.5,29.401331409386767
5,6000,1678425,482.0121,Revit,,,,2.6248928657012676
5,6000,1686077,87.0,Revit,,,,0.47377572491196523
6,6000,1690058,5399.0001,Revit,22.61,28.26,32.5,29.401331409386767
6,6000,1678437,482.0121,Revit,,,,2.6248928657012676
6,6000,1686081,87.0,Revit,,,,0.47377572491196523
7,6000,1690060,5399.0001,Revit,22.61,28.26,32.5,29.401331409386767
7,6000,1678461,482.0121,Revit,,,,2.6248928657012676
7,6000,1686084,87.0,Revit,,,,0.47377572491196523
8,6000,1690070,5399.0001,Revit,22.61,28.26,32.5,29.401331409386767
8,6000,1678473,482.0121,Revit,,,,2.6248928657012676
8,6000,1686087,87.0,Revit,,,,0.47377572491196523
9,6000,1690072,5399.0001,Revit,22.61,28.26,32.5,29.401331409386767
9,6000,1678485,482.0121,Revit,,,,2.6248928657012676
9,6000,1686090,87.0,Revit,,,,0.47377572491196523
10,6000,1690083,5399.0001,Revit,22.61,28.26,32.5,29.401331409386767
10,6000,1682244,482.0121,Revit,,,,2.6248928657012676
10,6000,1686093,87.0,Revit,,,,0.47377572491196523
11,6000,1690085,5399.0001,Revit,22.61,28.26,32.5,29.401331409386767
11,6000,1682266,482.0121,Revit,,,,2.6248928657012676
11,6000,1686096,87.0,Revit,,,,0.47377572491196523
12,6000,1690096,5399.0001,Revit,22.61,28.26,32.5,29.401331409386767
12,6000,1682288,482.0121,Revit,,,,2.6248928657012676
12,6000,1686099,87.0,Revit,,,,0.47377572491196523
13,6000,1690098,5399.0001,Revit,22.61,28.26,32.5,29.836276127884055
13,6000,1690193,482.0121,Revit,,,,2.6637238721159457
14,6000,1690108,5399.0001,Revit,22.61,28.26,32.5,29.945303487743594
14,6000,1685510S0,460.6,Usulan tangga,,,,2.554696512256405
15,6000,1690110,5399.0001,Revit,22.61,28.26,32.5,29.945303487743594
15,6000,1685510S1,460.6,Usulan tangga,,,,2.554696512256405
16,6000,1685457,5284.0,Revit,22.61,28.26,32.5,29.894161472657913
16,6000,1685545S0,460.6,Usulan tangga,,,,2.6058385273420845
17,6000,1685465,5284.0,Revit,22.61,28.26,32.5,29.894161472657913
17,6000,1685545S1,460.6,Usulan tangga,,,,2.6058385273420845
18,6000,1685471,5284.0,Revit,22.61,28.26,32.5,29.894161472657913
18,6000,1685625S0,460.6,Usulan tangga,,,,2.6058385273420845
19,6000,1685486,5284.0,Revit,22.61,28.26,32.5,29.894161472657913
19,6000,1685625S1,460.6,Usulan tangga,,,,2.6058385273420845
20,6000,1687128,5284.0,Revit,22.61,28.26,32.5,29.894161472657913
20,6000,1685665S0,460.6,Usulan tangga,,,,2.6058385273420845
21,6000,1690642,5234.0,Revit,22.61,28.26,32.5,28.538235005154625
21,6000,1685665S1,460.6,Usulan tangga,,,,2.5114083017597872
21,6000,1688004,265.9999,Revit,,,,1.4503566930855858
22,6000,1690645,5234.0,Revit,22.61,28.26,32.5,28.538235005154625
22,6000,1685706S0,460.6,Usulan tangga,,,,2.5114083017597872
22,6000,1688011,265.9999,Revit,,,,1.4503566930855858
23,6000,1690648,5234.0,Revit,22.61,28.26,32.5,28.563632392558496
23,6000,1685706S1,460.6,Usulan tangga,,,,2.5136433106717813
23,6000,1685492S0,260.7,Usulan tangga,,,,1.4227242967697207
24,6000,1686889,4849.9999,Revit,22.61,28.26,32.5,27.027578363486903
24,6000,1678286,982.006,Revit,,,,5.472421636513098
25,6000,1686896,4849.9999,Revit,22.61,28.26,32.5,27.027578363486903
25,6000,1678362,982.006,Revit,,,,5.472421636513098
26,6000,1686902,4849.9999,Revit,22.61,28.26,32.5,27.027578363486903
26,6000,1678391,982.006,Revit,,,,5.472421636513098
27,6000,1686908,4849.9999,Revit,22.61,28.26,32.5,27.027578363486903
27,6000,1678415,982.006,Revit,,,,5.472421636513098
28,6000,1686914,4849.9999,Revit,22.61,28.26,32.5,27.027578363486903
28,6000,1678427,982.006,Revit,,,,5.472421636513098
29,6000,1690054,4849.9999,Revit,22.61,28.26,32.5,27.027578363486903
29,6000,1678439,982.006,Revit,,,,5.472421636513098
30,6000,1690056,4849.9999,Revit,22.61,28.26,32.5,27.027578363486903
30,6000,1678463,982.006,Revit,,,,5.472421636513098
31,6000,1690066,4849.9999,Revit,22.61,28.26,32.5,27.027578363486903
31,6000,1678475,982.006,Revit,,,,5.472421636513098
32,6000,1690068,4849.9999,Revit,22.61,28.26,32.5,27.027578363486903
32,6000,1678487,982.006,Revit,,,,5.472421636513098
33,6000,1690078,4849.9999,Revit,22.61,28.26,32.5,27.027578363486903
33,6000,1682249,982.006,Revit,,,,5.472421636513098
34,6000,1690092,4849.9999,Revit,22.61,28.26,32.5,27.027578363486903
34,6000,1682271,982.006,Revit,,,,5.472421636513098
35,6000,1690094,4849.9999,Revit,22.61,28.26,32.5,27.027578363486903
35,6000,1682293,982.006,Revit,,,,5.472421636513098
36,6000,1690104,4849.9999,Revit,22.61,28.26,32.5,27.027578363486903
36,6000,1690197,982.006,Revit,,,,5.472421636513098
37,6000,1690106,4849.9999,Revit,22.61,28.26,32.5,27.30382835255726
37,6000,1690235,922.9999,Revit,,,,5.196171647442742
38,6000,1686893,4849.0001,Revit,22.61,28.26,32.5,27.302928345385926
38,6000,1690238,922.9999,Revit,,,,5.197071654614076
39,6000,1686900,4849.0001,Revit,22.61,28.26,32.5,27.302928345385926
39,6000,1690358,922.9999,Revit,,,,5.197071654614076
40,6000,1686906,4849.0001,Revit,22.61,28.26,32.5,27.302928345385926
40,6000,1690361,922.9999,Revit,,,,5.197071654614076
41,6000,1686912,4849.0001,Revit,22.61,28.26,32.5,26.336965623870807
41,6000,1690227,874.0,Revit,,,,4.747062673204111
41,6000,1685492S1,260.7,Usulan tangga,,,,1.4159717029250836
42,6000,1686918,4849.0001,Revit,22.61,28.26,32.5,26.336965623870807
42,6000,1690230,874.0,Revit,,,,4.747062673204111
42,6000,1685502S0,260.7,Usulan tangga,,,,1.4159717029250836
43,6000,1690062,4849.0001,Revit,22.61,28.26,32.5,26.336965623870807
43,6000,1690232,874.0,Revit,,,,4.747062673204111
43,6000,1685502S1,260.7,Usulan tangga,,,,1.4159717029250836
44,6000,1690064,4849.0001,Revit,22.61,28.26,32.5,26.336965623870807
44,6000,1690241,874.0,Revit,,,,4.747062673204111
44,6000,1685524S0,260.7,Usulan tangga,,,,1.4159717029250836
45,6000,1690074,4849.0001,Revit,22.61,28.26,32.5,26.336965623870807
45,6000,1690244,874.0,Revit,,,,4.747062673204111
45,6000,1685524S1,260.7,Usulan tangga,,,,1.4159717029250836
46,6000,1690076,4849.0001,Revit,22.61,28.26,32.5,26.336965623870807
46,6000,1690246,874.0,Revit,,,,4.747062673204111
46,6000,1685536S0,260.7,Usulan tangga,,,,1.4159717029250836
47,6000,1690087,4849.0001,Revit,22.61,28.26,32.5,26.336965623870807
47,6000,1690249,874.0,Revit,,,,4.747062673204111
47,6000,1685536S1,260.7,Usulan tangga,,,,1.4159717029250836
48,6000,1690100,4849.0001,Revit,22.61,28.26,32.5,26.336965623870807
48,6000,1690252,874.0,Revit,,,,4.747062673204111
48,6000,1685564S0,260.7,Usulan tangga,,,,1.4159717029250836
49,6000,1690102,4849.0001,Revit,22.61,28.26,32.5,26.336965623870807
49,6000,1690254,874.0,Revit,,,,4.747062673204111
49,6000,1685564S1,260.7,Usulan tangga,,,,1.4159717029250836
50,6000,1690112,4849.0001,Revit,22.61,28.26,32.5,26.336965623870807
50,6000,1690256,874.0,Revit,,,,4.747062673204111
50,6000,1685576S0,260.7,Usulan tangga,,,,1.4159717029250836
51,6000,1690114,4849.0001,Revit,22.61,28.26,32.5,26.336965623870807
51,6000,1690258,874.0,Revit,,,,4.747062673204111
51,6000,1685576S1,260.7,Usulan tangga,,,,1.4159717029250836
52,6000,1685454,4754.0,Revit,22.61,28.26,32.5,26.072393369761542
52,6000,1690260,874.0,Revit,,,,4.793283773586575
52,6000,1687999,297.9999,Revit,,,,1.6343228566518793
53,6000,1685460,4754.0,Revit,22.61,28.26,32.5,26.072393369761542
53,6000,1690262,874.0,Revit,,,,4.793283773586575
53,6000,1688008,297.9999,Revit,,,,1.6343228566518793
54,6000,1685463,4754.0,Revit,22.61,28.26,32.5,26.237539832436553
54,6000,1690264,874.0,Revit,,,,4.823645154246144
54,6000,1685616S0,260.7,Usulan tangga,,,,1.4388150133173019
55,6000,1685467,4754.0,Revit,22.61,28.26,32.5,26.237539832436553
55,6000,1690266,874.0,Revit,,,,4.823645154246144
55,6000,1685616S1,260.7,Usulan tangga,,,,1.4388150133173019
56,6000,1685469,4754.0,Revit,22.61,28.26,32.5,26.237539832436553
56,6000,1690268,874.0,Revit,,,,4.823645154246144
56,6000,1685644S0,260.7,Usulan tangga,,,,1.4388150133173019
57,6000,1685473,4754.0,Revit,22.61,28.26,32.5,26.237539832436553
57,6000,1690270,874.0,Revit,,,,4.823645154246144
57,6000,1685644S1,260.7,Usulan tangga,,,,1.4388150133173019
58,6000,1685484,4754.0,Revit,22.61,28.26,32.5,26.237539832436553
58,6000,1690272,874.0,Revit,,,,4.823645154246144
58,6000,1685656S0,260.7,Usulan tangga,,,,1.4388150133173019
59,6000,1685488,4754.0,Revit,22.61,28.26,32.5,26.237539832436553
59,6000,1690274,874.0,Revit,,,,4.823645154246144
59,6000,1685656S1,260.7,Usulan tangga,,,,1.4388150133173019
60,6000,1690080,4649.0001,Revit,22.61,28.26,32.5,25.251103223830572
60,6000,1690276,874.0,Revit,,,,4.747142012839486
60,6000,1685743S0,460.6,Usulan tangga,,,,2.501754763329939
61,6000,1690089,4649.0001,Revit,22.61,28.26,32.5,25.251103223830572
61,6000,1690278,874.0,Revit,,,,4.747142012839486
61,6000,1685743S1,460.6,Usulan tangga,,,,2.501754763329939
62,6000,1685475,4629.0,Revit,22.61,28.26,32.5,25.226792676237245
62,6000,1690280,874.0,Revit,,,,4.763062452238597
62,6000,1685817S0,460.6,Usulan tangga,,,,2.5101448715241546
63,6000,1685481,4629.0,Revit,22.61,28.26,32.5,25.226792676237245
63,6000,1690282,874.0,Revit,,,,4.763062452238597
63,6000,1685817S1,460.6,Usulan tangga,,,,2.5101448715241546
64,6000,1694637,2593.0,Revit,22.61,28.26,32.5,14.265823673104729
64,6000,1694664,2593.0,Revit,,,,14.265823673104729
64,6000,1685854S0,460.6,Usulan tangga,,,,2.534067977728995
64,6000,1685684S0,260.7,Usulan tangga,,,,1.434284676061548
65,6000,1678295,2481.9878,Revit,22.61,28.26,32.5,13.817221776804951
65,6000,1678298,2481.9878,Revit,,,,13.817221776804951
65,6000,1690284,874.0,Revit,,,,4.865556446390096
66,6000,1678385,2481.9878,Revit,22.61,28.26,32.5,13.817221776804951
66,6000,1678387,2481.9878,Revit,,,,13.817221776804951
66,6000,1690286,874.0,Revit,,,,4.865556446390096
67,6000,1678397,2481.9878,Revit,22.61,28.26,32.5,13.817221776804951
67,6000,1678399,2481.9878,Revit,,,,13.817221776804951
67,6000,1690288,874.0,Revit,,,,4.865556446390096
68,6000,1678411,2481.9878,Revit,22.61,28.26,32.5,13.817221776804951
68,6000,1678421,2481.9878,Revit,,,,13.817221776804951
68,6000,1690290,874.0,Revit,,,,4.865556446390096
69,6000,1678423,2481.9878,Revit,22.61,28.26,32.5,13.817221776804951
69,6000,1678433,2481.9878,Revit,,,,13.817221776804951
69,6000,1690292,874.0,Revit,,,,4.865556446390096
70,6000,1678435,2481.9878,Revit,22.61,28.26,32.5,13.817221776804951
70,6000,1678445,2481.9878,Revit,,,,13.817221776804951
70,6000,1690294,874.0,Revit,,,,4.865556446390096
71,6000,1678447,2481.9878,Revit,22.61,28.26,32.5,13.817221776804951
71,6000,1678459,2481.9878,Revit,,,,13.817221776804951
71,6000,1690296,874.0,Revit,,,,4.865556446390096
72,6000,1678469,2481.9878,Revit,22.61,28.26,32.5,13.817221776804951
72,6000,1678471,2481.9878,Revit,,,,13.817221776804951
72,6000,1690298,874.0,Revit,,,,4.865556446390096
73,6000,1678481,2481.9878,Revit,22.61,28.26,32.5,13.817221776804951
73,6000,1678483,2481.9878,Revit,,,,13.817221776804951
73,6000,1690300,874.0,Revit,,,,4.865556446390096
74,6000,1678493,2481.9878,Revit,22.61,28.26,32.5,13.817221776804951
74,6000,1678495,2481.9878,Revit,,,,13.817221776804951
74,6000,1690302,874.0,Revit,,,,4.865556446390096
75,6000,1682262,2481.9878,Revit,22.61,28.26,32.5,13.817221776804951
75,6000,1682284,2481.9878,Revit,,,,13.817221776804951
75,6000,1690304,874.0,Revit,,,,4.865556446390096
76,6000,1682306,2481.9878,Revit,22.61,28.26,32.5,13.817221776804951
76,6000,1690209,2481.9878,Revit,,,,13.817221776804951
76,6000,1690306,874.0,Revit,,,,4.865556446390096
77,6000,1690213,2481.9878,Revit,22.61,28.26,32.5,13.817221776804951
77,6000,1690217,2481.9878,Revit,,,,13.817221776804951
77,6000,1690308,874.0,Revit,,,,4.865556446390096
78,6000,1690221,2481.9878,Revit,22.61,28.26,32.5,13.817221776804951
78,6000,1690225,2481.9878,Revit,,,,13.817221776804951
78,6000,1690310,874.0,Revit,,,,4.865556446390096
79,6000,1694646,2479.0,Revit,22.61,28.26,32.5,13.824210470988696
79,6000,1694642,2475.0001,Revit,,,,13.801904973841223
79,6000,1690312,874.0,Revit,,,,4.873884555170081
80,6000,1694669,2475.0001,Revit,22.61,28.26,32.5,13.887690121759492
80,6000,1694628,2443.0,Revit,,,,13.708131902829212
80,6000,1690314,874.0,Revit,,,,4.904177975411292
81,6000,1694651,2364.0001,Revit,22.61,28.26,32.5,13.181327391961165
81,6000,1694633,2330.0,Revit,,,,12.991747491270534
81,6000,1690316,874.0,Revit,,,,4.873299129126708
81,6000,1685684S1,260.7,Usulan tangga,,,,1.4536259876415942
82,6000,1694619,2255.0,Revit,22.61,28.26,32.5,12.53935262360761
82,6000,1694655,2255.0,Revit,,,,12.53935262360761
82,6000,1690318,874.0,Revit,,,,4.860041630945476
82,6000,1685854S1,460.6,Usulan tangga,,,,2.5612531218393033
83,6000,1694624,2157.9998,Revit,22.61,28.26,32.5,12.009417589800139
83,6000,1694660,2157.9998,Revit,,,,12.009417589800139
83,6000,1694599,1524.0,Revit,,,,8.481164820399721
84,6000,1678292,1981.9938,Revit,22.61,28.26,32.5,10.833333333333334
84,6000,1678491,1981.9938,Revit,,,,10.833333333333334
84,6000,1690205,1981.9938,Revit,,,,10.833333333333334
85,6000,1678383,1981.9938,Revit,22.61,28.26,32.5,10.833333333333332
85,6000,1678395,1981.9938,Revit,,,,10.833333333333332
85,6000,1678419,1981.9938,Revit,,,,10.833333333333332
86,6000,1678431,1981.9938,Revit,22.61,28.26,32.5,10.833333333333332
86,6000,1678443,1981.9938,Revit,,,,10.833333333333332
86,6000,1678467,1981.9938,Revit,,,,10.833333333333332
87,6000,1678479,1981.9938,Revit,22.61,28.26,32.5,10.833333333333332
87,6000,1682257,1981.9938,Revit,,,,10.833333333333332
87,6000,1682279,1981.9938,Revit,,,,10.833333333333332
88,6000,1682301,1981.9938,Revit,22.61,28.26,32.5,11.029943288240615
88,6000,1690386,1929.0,Revit,,,,10.735028355879692
88,6000,1690396,1929.0,Revit,,,,10.735028355879692
89,6000,1690391,1927.9999,Revit,22.61,28.26,32.5,10.783554171729412
89,6000,1690400,1927.9999,Revit,,,,10.783554171729412
89,6000,1690651,1694.0001,Revit,,,,9.474762655650748
89,6000,1685697S0,260.7,Usulan tangga,,,,1.4581290008904275
90,6000,1694607,1524.0,Revit,22.61,28.26,32.5,8.385534854979028
90,6000,1694611,1524.0,Revit,,,,8.385534854979028
90,6000,1694615,1524.0,Revit,,,,8.385534854979028
90,6000,1690320,874.0,Revit,,,,4.809027092409806
90,6000,1685895S0,460.6,Usulan tangga,,,,2.53436834265311
91,6000,1678289,1481.9999,Revit,22.61,28.26,32.5,8.125
91,6000,1678364,1481.9999,Revit,,,,8.125
91,6000,1678393,1481.9999,Revit,,,,8.125
91,6000,1678417,1481.9999,Revit,,,,8.125
92,6000,1678429,1481.9999,Revit,22.61,28.26,32.5,8.125
92,6000,1678441,1481.9999,Revit,,,,8.125
92,6000,1678465,1481.9999,Revit,,,,8.125
92,6000,1678477,1481.9999,Revit,,,,8.125
93,6000,1678489,1481.9999,Revit,22.61,28.26,32.5,8.125
93,6000,1682253,1481.9999,Revit,,,,8.125
93,6000,1682275,1481.9999,Revit,,,,8.125
93,6000,1682297,1481.9999,Revit,,,,8.125
94,6000,1690201,1481.9999,Revit,22.61,28.26,32.5,8.230519295012918
94,6000,1690322,874.0,Revit,,,,4.853896140997416
94,6000,1690324,874.0,Revit,,,,4.853896140997416
94,6000,1690326,874.0,Revit,,,,4.853896140997416
94,6000,1690328,874.0,Revit,,,,4.853896140997416
94,6000,1690330,874.0,Revit,,,,4.853896140997416
95,6000,1690332,874.0,Revit,22.61,28.26,32.5,4.76170518134223
95,6000,1690334,874.0,Revit,,,,4.76170518134223
95,6000,1690336,874.0,Revit,,,,4.76170518134223
95,6000,1690338,874.0,Revit,,,,4.76170518134223
95,6000,1690340,874.0,Revit,,,,4.76170518134223
95,6000,1690342,874.0,Revit,,,,4.76170518134223
95,6000,1685895S1,460.6,Usulan tangga,,,,2.509429586638863
95,6000,1685697S1,260.7,Usulan tangga,,,,1.4203393253077543
96,6000,1690344,874.0,Revit,22.61,28.26,32.5,4.76170518134223
96,6000,1690346,874.0,Revit,,,,4.76170518134223
96,6000,1690348,874.0,Revit,,,,4.76170518134223
96,6000,1690350,874.0,Revit,,,,4.76170518134223
96,6000,1690352,874.0,Revit,,,,4.76170518134223
96,6000,1690354,874.0,Revit,,,,4.76170518134223
96,6000,1685932S0,460.6,Usulan tangga,,,,2.509429586638863
96,6000,1685725S0,260.7,Usulan tangga,,,,1.4203393253077543
97,6000,1690356,874.0,Revit,22.61,28.26,32.5,4.819798337887062
97,6000,1690364,874.0,Revit,,,,4.819798337887062
97,6000,1685932S1,460.6,Usulan tangga,,,,2.540044813802875
97,6000,1685969S0,460.6,Usulan tangga,,,,2.540044813802875
97,6000,1685969S1,460.6,Usulan tangga,,,,2.540044813802875
97,6000,1686006S0,460.6,Usulan tangga,,,,2.540044813802875
97,6000,1686006S1,460.6,Usulan tangga,,,,2.540044813802875
97,6000,1686043S0,460.6,Usulan tangga,,,,2.540044813802875
97,6000,1686043S1,460.6,Usulan tangga,,,,2.540044813802875
97,6000,1686482S0,460.6,Usulan tangga,,,,2.540044813802875
97,6000,1686482S1,460.6,Usulan tangga,,,,2.540044813802875
98,6000,1686482S2,460.6,Usulan tangga,22.61,28.26,32.5,2.533124629833319
98,6000,1686482S3,460.6,Usulan tangga,,,,2.533124629833319
98,6000,1686526S0,460.6,Usulan tangga,,,,2.533124629833319
98,6000,1686526S1,460.6,Usulan tangga,,,,2.533124629833319
98,6000,1686557S0,460.6,Usulan tangga,,,,2.533124629833319
98,6000,1686557S1,460.6,Usulan tangga,,,,2.533124629833319
98,6000,1686591S0,460.6,Usulan tangga,,,,2.533124629833319
98,6000,1686591S1,460.6,Usulan tangga,,,,2.533124629833319
98,6000,1686640S0,460.6,Usulan tangga,,,,2.533124629833319
98,6000,1686640S1,460.6,Usulan tangga,,,,2.533124629833319
98,6000,1685725S1,260.7,Usulan tangga,,,,1.4337507403333616
98,6000,1685734S0,260.7,Usulan tangga,,,,1.4337507403333616
98,6000,1685734S1,260.7,Usulan tangga,,,,1.4337507403333616
98,6000,1685762S0,260.7,Usulan tangga,,,,1.4337507403333616
98,6000,1685762S1,260.7,Usulan tangga,,,,1.4337507403333616
99,6000,1685771S0,260.7,Usulan tangga,22.61,28.26,32.5,1.4772727272727273
99,6000,1685771S1,260.7,Usulan tangga,,,,1.4772727272727273
99,6000,1685808S0,260.7,Usulan tangga,,,,1.4772727272727273
99,6000,1685808S1,260.7,Usulan tangga,,,,1.4772727272727273
99,6000,1685836S0,260.7,Usulan tangga,,,,1.4772727272727273
99,6000,1685836S1,260.7,Usulan tangga,,,,1.4772727272727273
99,6000,1685845S0,260.7,Usulan tangga,,,,1.4772727272727273
99,6000,1685845S1,260.7,Usulan tangga,,,,1.4772727272727273
99,6000,1685873S0,260.7,Usulan tangga,,,,1.4772727272727273
99,6000,1685873S1,260.7,Usulan tangga,,,,1.4772727272727273
99,6000,1685886S0,260.7,Usulan tangga,,,,1.4772727272727273
99,6000,1685886S1,260.7,Usulan tangga,,,,1.4772727272727273
99,6000,1685914S0,260.7,Usulan tangga,,,,1.4772727272727273
99,6000,1685914S1,260.7,Usulan tangga,,,,1.4772727272727273
99,6000,1685923S0,260.7,Usulan tangga,,,,1.4772727272727273
99,6000,1685923S1,260.7,Usulan tangga,,,,1.4772727272727273
99,6000,1685951S0,260.7,Usulan tangga,,,,1.4772727272727273
99,6000,1685951S1,260.7,Usulan tangga,,,,1.4772727272727273
99,6000,1685960S0,260.7,Usulan tangga,,,,1.4772727272727273
99,6000,1685960S1,260.7,Usulan tangga,,,,1.4772727272727273
99,6000,1685988S0,260.7,Usulan tangga,,,,1.4772727272727273
99,6000,1685988S1,260.7,Usulan tangga,,,,1.4772727272727273
100,6000,1685997S0,260.7,Usulan tangga,22.61,28.26,32.5,1.4772727272727273
100,6000,1685997S1,260.7,Usulan tangga,,,,1.4772727272727273
100,6000,1686025S0,260.7,Usulan tangga,,,,1.4772727272727273
100,6000,1686025S1,260.7,Usulan tangga,,,,1.4772727272727273
100,6000,1686034S0,260.7,Usulan tangga,,,,1.4772727272727273
100,6000,1686034S1,260.7,Usulan tangga,,,,1.4772727272727273
100,6000,1686494S0,260.7,Usulan tangga,,,,1.4772727272727273
100,6000,1686494S1,260.7,Usulan tangga,,,,1.4772727272727273
100,6000,1686494S2,260.7,Usulan tangga,,,,1.4772727272727273
100,6000,1686494S3,260.7,Usulan tangga,,,,1.4772727272727273
100,6000,1686508S0,260.7,Usulan tangga,,,,1.4772727272727273
100,6000,1686508S1,260.7,Usulan tangga,,,,1.4772727272727273
100,6000,1686518S0,260.7,Usulan tangga,,,,1.4772727272727273
100,6000,1686518S1,260.7,Usulan tangga,,,,1.4772727272727273
100,6000,1686538S0,260.7,Usulan tangga,,,,1.4772727272727273
100,6000,1686538S1,260.7,Usulan tangga,,,,1.4772727272727273
100,6000,1686548S0,260.7,Usulan tangga,,,,1.4772727272727273
100,6000,1686548S1,260.7,Usulan tangga,,,,1.4772727272727273
100,6000,1686572S0,260.7,Usulan tangga,,,,1.4772727272727273
100,6000,1686572S1,260.7,Usulan tangga,,,,1.4772727272727273
100,6000,1686582S0,260.7,Usulan tangga,,,,1.4772727272727273
100,6000,1686582S1,260.7,Usulan tangga,,,,1.4772727272727273
101,6000,1686606S0,260.7,Usulan tangga,22.61,28.26,32.5,5.416666666666667
101,6000,1686606S1,260.7,Usulan tangga,,,,5.416666666666667
101,6000,1686616S0,260.7,Usulan tangga,,,,5.416666666666667
101,6000,1686616S1,260.7,Usulan tangga,,,,5.416666666666667
101,6000,1686631S0,260.7,Usulan tangga,,,,5.416666666666667
101,6000,1686631S1,260.7,Usulan tangga,,,,5.416666666666667
