stok_acuan,id_potongan,panjang_model_mm,asal,profil_acuan,panjang_final_disetujui_mm,status
1,1686891,5399.000124,Model,RHS50x100x2.3,,UNTUK PEMERIKSAAN INSINYUR - BELUM UNTUK DIPOTONG / DIFABRIKASI
1,1678283,482.0120800000004,Model,RHS50x100x2.3,,UNTUK PEMERIKSAAN INSINYUR - BELUM UNTUK DIPOTONG / DIFABRIKASI
1,1686066,86.9999784,Model,RHS50x100x2.3,,UNTUK PEMERIKSAAN INSINYUR - BELUM UNTUK DIPOTONG / DIFABRIKASI
2,1686898,5399.000124,Model,RHS50x100x2.3,,UNTUK PEMERIKSAAN INSINYUR - BELUM UNTUK DIPOTONG / DIFABRIKASI
2,1678360,482.0120800000004,Model,RHS50x100x2.3,,UNTUK PEMERIKSAAN INSINYUR - BELUM UNTUK DIPOTONG / DIFABRIKASI
2,1686068,86.9999784,Model,RHS50x100x2.3,,UNTUK PEMERIKSAAN INSINYUR - BELUM UNTUK DIPOTONG / DIFABRIKASI
3,1686904,5399.000124,Model,RHS50x100x2.3,,UNTUK PEMERIKSAAN INSINYUR - BELUM UNTUK DIPOTONG / DIFABRIKASI
3,1678389,482.0120800000004,Model,RHS50x100x2.3,,UNTUK PEMERIKSAAN INSINYUR - BELUM UNTUK DIPOTONG / DIFABRIKASI
3,1686071,86.9999784,Model,RHS50x100x2.3,,UNTUK PEMERIKSAAN INSINYUR - BELUM UNTUK DIPOTONG / DIFABRIKASI
4,1686910,5399.000124,Model,RHS50x100x2.3,,UNTUK PEMERIKSAAN INSINYUR - BELUM UNTUK DIPOTONG / DIFABRIKASI
4,1678413,482.0120800000004,Model,RHS50x100x2.3,,UNTUK PEMERIKSAAN INSINYUR - BELUM UNTUK DIPOTONG / DIFABRIKASI
4,1686074,86.9999784,Model,RHS50x100x2.3,,UNTUK PEMERIKSAAN INSINYUR - BELUM UNTUK DIPOTONG / DIFABRIKASI
5,1686916,5399.000124,Model,RHS50x100x2.3,,UNTUK PEMERIKSAAN INSINYUR - BELUM UNTUK DIPOTONG / DIFABRIKASI
5,1678425,482.0120800000004,Model,RHS50x100x2.3,,UNTUK PEMERIKSAAN INSINYUR - BELUM UNTUK DIPOTONG / DIFABRIKASI
5,1686077,86.9999784,Model,RHS50x100x2.3,,UNTUK PEMERIKSAAN INSINYUR - BELUM UNTUK DIPOTONG / DIFABRIKASI
6,1690058,5399.000124,Model,RHS50x100x2.3,,UNTUK PEMERIKSAAN INSINYUR - BELUM UNTUK DIPOTONG / DIFABRIKASI
6,1678437,482.0120800000004,Model,RHS50x100x2.3,,UNTUK PEMERIKSAAN INSINYUR - BELUM UNTUK DIPOTONG / DIFABRIKASI
6,1686081,86.9999784,Model,RHS50x100x2.3,,UNTUK PEMERIKSAAN INSINYUR - BELUM UNTUK DIPOTONG / DIFABRIKASI
7,1690060,5399.000124,Model,RHS50x100x2.3,,UNTUK PEMERIKSAAN INSINYUR - BELUM UNTUK DIPOTONG / DIFABRIKASI
7,1678461,482.0120800000004,Model,RHS50x100x2.3,,UNTUK PEMERIKSAAN INSINYUR - BELUM UNTUK DIPOTONG / DIFABRIKASI
7,1686084,86.9999784,Model,RHS50x100x2.3,,UNTUK PEMERIKSAAN INSINYUR - BELUM UNTUK DIPOTONG / DIFABRIKASI
8,1690070,5399.000124,Model,RHS50x100x2.3,,UNTUK PEMERIKSAAN INSINYUR - BELUM UNTUK DIPOTONG / DIFABRIKASI
8,1678473,482.0120800000004,Model,RHS50x100x2.3,,UNTUK PEMERIKSAAN INSINYUR - BELUM UNTUK DIPOTONG / DIFABRIKASI
8,1686087,86.9999784,Model,RHS50x100x2.3,,UNTUK PEMERIKSAAN INSINYUR - BELUM UNTUK DIPOTONG / DIFABRIKASI
9,1690072,5399.000124,Model,RHS50x100x2.3,,UNTUK PEMERIKSAAN INSINYUR - BELUM UNTUK DIPOTONG / DIFABRIKASI
9,1678485,482.0120800000004,Model,RHS50x100x2.3,,UNTUK PEMERIKSAAN INSINYUR - BELUM UNTUK DIPOTONG / DIFABRIKASI
9,1686090,86.9999784,Model,RHS50x100x2.3,,UNTUK PEMERIKSAAN INSINYUR - BELUM UNTUK DIPOTONG / DIFABRIKASI
10,1690083,5399.000124,Model,RHS50x100x2.3,,UNTUK PEMERIKSAAN INSINYUR - BELUM UNTUK DIPOTONG / DIFABRIKASI
10,1682244,482.0120800000004,Model,RHS50x100x2.3,,UNTUK PEMERIKSAAN INSINYUR - BELUM UNTUK DIPOTONG / DIFABRIKASI
10,1686093,86.9999784,Model,RHS50x100x2.3,,UNTUK PEMERIKSAAN INSINYUR - BELUM UNTUK DIPOTONG / DIFABRIKASI
11,1690085,5399.000124,Model,RHS50x100x2.3,,UNTUK PEMERIKSAAN INSINYUR - BELUM UNTUK DIPOTONG / DIFABRIKASI
11,1682266,482.0120800000004,Model,RHS50x100x2.3,,UNTUK PEMERIKSAAN INSINYUR - BELUM UNTUK DIPOTONG / DIFABRIKASI
11,1686096,86.9999784,Model,RHS50x100x2.3,,UNTUK PEMERIKSAAN INSINYUR - BELUM UNTUK DIPOTONG / DIFABRIKASI
12,1690096,5399.000124,Model,RHS50x100x2.3,,UNTUK PEMERIKSAAN INSINYUR - BELUM UNTUK DIPOTONG / DIFABRIKASI
12,1682288,482.0120800000004,Model,RHS50x100x2.3,,UNTUK PEMERIKSAAN INSINYUR - BELUM UNTUK DIPOTONG / DIFABRIKASI
12,1686099,86.9999784,Model,RHS50x100x2.3,,UNTUK PEMERIKSAAN INSINYUR - BELUM UNTUK DIPOTONG / DIFABRIKASI
13,1690098,5399.000124,Model,RHS50x100x2.3,,UNTUK PEMERIKSAAN INSINYUR - BELUM UNTUK DIPOTONG / DIFABRIKASI
13,1690193,482.0120800000004,Model,RHS50x100x2.3,,UNTUK PEMERIKSAAN INSINYUR - BELUM UNTUK DIPOTONG / DIFABRIKASI
14,1690108,5399.000124,Model,RHS50x100x2.3,,UNTUK PEMERIKSAAN INSINYUR - BELUM UNTUK DIPOTONG / DIFABRIKASI
14,1685510S0,460.6,Usulan belum dimodelkan,RHS50x100x2.3,,UNTUK PEMERIKSAAN INSINYUR - BELUM UNTUK DIPOTONG / DIFABRIKASI
15,1690110,5399.000124,Model,RHS50x100x2.3,,UNTUK PEMERIKSAAN INSINYUR - BELUM UNTUK DIPOTONG / DIFABRIKASI
15,1685510S1,460.6,Usulan belum dimodelkan,RHS50x100x2.3,,UNTUK PEMERIKSAAN INSINYUR - BELUM UNTUK DIPOTONG / DIFABRIKASI
16,1685457,5283.999998400001,Model,RHS50x100x2.3,,UNTUK PEMERIKSAAN INSINYUR - BELUM UNTUK DIPOTONG / DIFABRIKASI
16,1685545S0,460.6,Usulan belum dimodelkan,RHS50x100x2.3,,UNTUK PEMERIKSAAN INSINYUR - BELUM UNTUK DIPOTONG / DIFABRIKASI
17,1685465,5283.999998400001,Model,RHS50x100x2.3,,UNTUK PEMERIKSAAN INSINYUR - BELUM UNTUK DIPOTONG / DIFABRIKASI
17,1685545S1,460.6,Usulan belum dimodelkan,RHS50x100x2.3,,UNTUK PEMERIKSAAN INSINYUR - BELUM UNTUK DIPOTONG / DIFABRIKASI
18,1685471,5283.999998400001,Model,RHS50x100x2.3,,UNTUK PEMERIKSAAN INSINYUR - BELUM UNTUK DIPOTONG / DIFABRIKASI
18,1685625S0,460.6,Usulan belum dimodelkan,RHS50x100x2.3,,UNTUK PEMERIKSAAN INSINYUR - BELUM UNTUK DIPOTONG / DIFABRIKASI
19,1685486,5283.999998400001,Model,RHS50x100x2.3,,UNTUK PEMERIKSAAN INSINYUR - BELUM UNTUK DIPOTONG / DIFABRIKASI
19,1685625S1,460.6,Usulan belum dimodelkan,RHS50x100x2.3,,UNTUK PEMERIKSAAN INSINYUR - BELUM UNTUK DIPOTONG / DIFABRIKASI
20,1687128,5283.999998400001,Model,RHS50x100x2.3,,UNTUK PEMERIKSAAN INSINYUR - BELUM UNTUK DIPOTONG / DIFABRIKASI
20,1685665S0,460.6,Usulan belum dimodelkan,RHS50x100x2.3,,UNTUK PEMERIKSAAN INSINYUR - BELUM UNTUK DIPOTONG / DIFABRIKASI
21,1690642,5233.9999968,Model,RHS50x100x2.3,,UNTUK PEMERIKSAAN INSINYUR - BELUM UNTUK DIPOTONG / DIFABRIKASI
21,1685665S1,460.6,Usulan belum dimodelkan,RHS50x100x2.3,,UNTUK PEMERIKSAAN INSINYUR - BELUM UNTUK DIPOTONG / DIFABRIKASI
21,1688004,265.9998744,Model,RHS50x100x2.3,,UNTUK PEMERIKSAAN INSINYUR - BELUM UNTUK DIPOTONG / DIFABRIKASI
22,1690645,5233.9999968,Model,RHS50x100x2.3,,UNTUK PEMERIKSAAN INSINYUR - BELUM UNTUK DIPOTONG / DIFABRIKASI
22,1685706S0,460.6,Usulan belum dimodelkan,RHS50x100x2.3,,UNTUK PEMERIKSAAN INSINYUR - BELUM UNTUK DIPOTONG / DIFABRIKASI
22,1688011,265.9998744,Model,RHS50x100x2.3,,UNTUK PEMERIKSAAN INSINYUR - BELUM UNTUK DIPOTONG / DIFABRIKASI
23,1690648,5233.9999968,Model,RHS50x100x2.3,,UNTUK PEMERIKSAAN INSINYUR - BELUM UNTUK DIPOTONG / DIFABRIKASI
23,1685706S1,460.6,Usulan belum dimodelkan,RHS50x100x2.3,,UNTUK PEMERIKSAAN INSINYUR - BELUM UNTUK DIPOTONG / DIFABRIKASI
23,1685492S0,260.7,Usulan belum dimodelkan,RHS50x100x2.3,,UNTUK PEMERIKSAAN INSINYUR - BELUM UNTUK DIPOTONG / DIFABRIKASI
24,1686889,4849.9998504000005,Model,RHS50x100x2.3,,UNTUK PEMERIKSAAN INSINYUR - BELUM UNTUK DIPOTONG / DIFABRIKASI
24,1678286,982.0059999999976,Model,RHS50x100x2.3,,UNTUK PEMERIKSAAN INSINYUR - BELUM UNTUK DIPOTONG / DIFABRIKASI
25,1686896,4849.9998504000005,Model,RHS50x100x2.3,,UNTUK PEMERIKSAAN INSINYUR - BELUM UNTUK DIPOTONG / DIFABRIKASI
25,1678362,982.0059999999976,Model,RHS50x100x2.3,,UNTUK PEMERIKSAAN INSINYUR - BELUM UNTUK DIPOTONG / DIFABRIKASI
26,1686902,4849.9998504000005,Model,RHS50x100x2.3,,UNTUK PEMERIKSAAN INSINYUR - BELUM UNTUK DIPOTONG / DIFABRIKASI
26,1678391,982.0059999999976,Model,RHS50x100x2.3,,UNTUK PEMERIKSAAN INSINYUR - BELUM UNTUK DIPOTONG / DIFABRIKASI
27,1686908,4849.9998504000005,Model,RHS50x100x2.3,,UNTUK PEMERIKSAAN INSINYUR - BELUM UNTUK DIPOTONG / DIFABRIKASI
27,1678415,982.0059999999976,Model,RHS50x100x2.3,,UNTUK PEMERIKSAAN INSINYUR - BELUM UNTUK DIPOTONG / DIFABRIKASI
28,1686914,4849.9998504000005,Model,RHS50x100x2.3,,UNTUK PEMERIKSAAN INSINYUR - BELUM UNTUK DIPOTONG / DIFABRIKASI
28,1678427,982.0059999999976,Model,RHS50x100x2.3,,UNTUK PEMERIKSAAN INSINYUR - BELUM UNTUK DIPOTONG / DIFABRIKASI
29,1690054,4849.9998504000005,Model,RHS50x100x2.3,,UNTUK PEMERIKSAAN INSINYUR - BELUM UNTUK DIPOTONG / DIFABRIKASI
29,1678439,982.0059999999976,Model,RHS50x100x2.3,,UNTUK PEMERIKSAAN INSINYUR - BELUM UNTUK DIPOTONG / DIFABRIKASI
30,1690056,4849.9998504000005,Model,RHS50x100x2.3,,UNTUK PEMERIKSAAN INSINYUR - BELUM UNTUK DIPOTONG / DIFABRIKASI
30,1678463,982.0059999999976,Model,RHS50x100x2.3,,UNTUK PEMERIKSAAN INSINYUR - BELUM UNTUK DIPOTONG / DIFABRIKASI
31,1690066,4849.9998504000005,Model,RHS50x100x2.3,,UNTUK PEMERIKSAAN INSINYUR - BELUM UNTUK DIPOTONG / DIFABRIKASI
31,1678475,982.0059999999976,Model,RHS50x100x2.3,,UNTUK PEMERIKSAAN INSINYUR - BELUM UNTUK DIPOTONG / DIFABRIKASI
32,1690068,4849.9998504000005,Model,RHS50x100x2.3,,UNTUK PEMERIKSAAN INSINYUR - BELUM UNTUK DIPOTONG / DIFABRIKASI
32,1678487,982.0059999999976,Model,RHS50x100x2.3,,UNTUK PEMERIKSAAN INSINYUR - BELUM UNTUK DIPOTONG / DIFABRIKASI
33,1690078,4849.9998504000005,Model,RHS50x100x2.3,,UNTUK PEMERIKSAAN INSINYUR - BELUM UNTUK DIPOTONG / DIFABRIKASI
33,1682249,982.0059999999976,Model,RHS50x100x2.3,,UNTUK PEMERIKSAAN INSINYUR - BELUM UNTUK DIPOTONG / DIFABRIKASI
34,1690092,4849.9998504000005,Model,RHS50x100x2.3,,UNTUK PEMERIKSAAN INSINYUR - BELUM UNTUK DIPOTONG / DIFABRIKASI
34,1682271,982.0059999999976,Model,RHS50x100x2.3,,UNTUK PEMERIKSAAN INSINYUR - BELUM UNTUK DIPOTONG / DIFABRIKASI
35,1690094,4849.9998504000005,Model,RHS50x100x2.3,,UNTUK PEMERIKSAAN INSINYUR - BELUM UNTUK DIPOTONG / DIFABRIKASI
35,1682293,982.0059999999976,Model,RHS50x100x2.3,,UNTUK PEMERIKSAAN INSINYUR - BELUM UNTUK DIPOTONG / DIFABRIKASI
36,1690104,4849.9998504000005,Model,RHS50x100x2.3,,UNTUK PEMERIKSAAN INSINYUR - BELUM UNTUK DIPOTONG / DIFABRIKASI
36,1690197,982.0059999999976,Model,RHS50x100x2.3,,UNTUK PEMERIKSAAN INSINYUR - BELUM UNTUK DIPOTONG / DIFABRIKASI
37,1690106,4849.9998504000005,Model,RHS50x100x2.3,,UNTUK PEMERIKSAAN INSINYUR - BELUM UNTUK DIPOTONG / DIFABRIKASI
37,1690235,922.999932,Model,RHS50x100x2.3,,UNTUK PEMERIKSAAN INSINYUR - BELUM UNTUK DIPOTONG / DIFABRIKASI
38,1686893,4849.0001064,Model,RHS50x100x2.3,,UNTUK PEMERIKSAAN INSINYUR - BELUM UNTUK DIPOTONG / DIFABRIKASI
38,1690238,922.999932,Model,RHS50x100x2.3,,UNTUK PEMERIKSAAN INSINYUR - BELUM UNTUK DIPOTONG / DIFABRIKASI
39,1686900,4849.0001064,Model,RHS50x100x2.3,,UNTUK PEMERIKSAAN INSINYUR - BELUM UNTUK DIPOTONG / DIFABRIKASI
39,1690358,922.999932,Model,RHS50x100x2.3,,UNTUK PEMERIKSAAN INSINYUR - BELUM UNTUK DIPOTONG / DIFABRIKASI
40,1686906,4849.0001064,Model,RHS50x100x2.3,,UNTUK PEMERIKSAAN INSINYUR - BELUM UNTUK DIPOTONG / DIFABRIKASI
40,1690361,922.999932,Model,RHS50x100x2.3,,UNTUK PEMERIKSAAN INSINYUR - BELUM UNTUK DIPOTONG / DIFABRIKASI
41,1686912,4849.0001064,Model,RHS50x100x2.3,,UNTUK PEMERIKSAAN INSINYUR - BELUM UNTUK DIPOTONG / DIFABRIKASI
41,1690227,873.9999792,Model,RHS50x100x2.3,,UNTUK PEMERIKSAAN INSINYUR - BELUM UNTUK DIPOTONG / DIFABRIKASI
41,1685492S1,260.7,Usulan belum dimodelkan,RHS50x100x2.3,,UNTUK PEMERIKSAAN INSINYUR - BELUM UNTUK DIPOTONG / DIFABRIKASI
42,1686918,4849.0001064,Model,RHS50x100x2.3,,UNTUK PEMERIKSAAN INSINYUR - BELUM UNTUK DIPOTONG / DIFABRIKASI
42,1690230,873.9999792,Model,RHS50x100x2.3,,UNTUK PEMERIKSAAN INSINYUR - BELUM UNTUK DIPOTONG / DIFABRIKASI
42,1685502S0,260.7,Usulan belum dimodelkan,RHS50x100x2.3,,UNTUK PEMERIKSAAN INSINYUR - BELUM UNTUK DIPOTONG / DIFABRIKASI
43,1690062,4849.0001064,Model,RHS50x100x2.3,,UNTUK PEMERIKSAAN INSINYUR - BELUM UNTUK DIPOTONG / DIFABRIKASI
43,1690232,873.9999792,Model,RHS50x100x2.3,,UNTUK PEMERIKSAAN INSINYUR - BELUM UNTUK DIPOTONG / DIFABRIKASI
43,1685502S1,260.7,Usulan belum dimodelkan,RHS50x100x2.3,,UNTUK PEMERIKSAAN INSINYUR - BELUM UNTUK DIPOTONG / DIFABRIKASI
44,1690064,4849.0001064,Model,RHS50x100x2.3,,UNTUK PEMERIKSAAN INSINYUR - BELUM UNTUK DIPOTONG / DIFABRIKASI
44,1690241,873.9999792,Model,RHS50x100x2.3,,UNTUK PEMERIKSAAN INSINYUR - BELUM UNTUK DIPOTONG / DIFABRIKASI
44,1685524S0,260.7,Usulan belum dimodelkan,RHS50x100x2.3,,UNTUK PEMERIKSAAN INSINYUR - BELUM UNTUK DIPOTONG / DIFABRIKASI
45,1690074,4849.0001064,Model,RHS50x100x2.3,,UNTUK PEMERIKSAAN INSINYUR - BELUM UNTUK DIPOTONG / DIFABRIKASI
45,1690244,873.9999792,Model,RHS50x100x2.3,,UNTUK PEMERIKSAAN INSINYUR - BELUM UNTUK DIPOTONG / DIFABRIKASI
45,1685524S1,260.7,Usulan belum dimodelkan,RHS50x100x2.3,,UNTUK PEMERIKSAAN INSINYUR - BELUM UNTUK DIPOTONG / DIFABRIKASI
46,1690076,4849.0001064,Model,RHS50x100x2.3,,UNTUK PEMERIKSAAN INSINYUR - BELUM UNTUK DIPOTONG / DIFABRIKASI
46,1690246,873.9999792,Model,RHS50x100x2.3,,UNTUK PEMERIKSAAN INSINYUR - BELUM UNTUK DIPOTONG / DIFABRIKASI
46,1685536S0,260.7,Usulan belum dimodelkan,RHS50x100x2.3,,UNTUK PEMERIKSAAN INSINYUR - BELUM UNTUK DIPOTONG / DIFABRIKASI
47,1690087,4849.0001064,Model,RHS50x100x2.3,,UNTUK PEMERIKSAAN INSINYUR - BELUM UNTUK DIPOTONG / DIFABRIKASI
47,1690249,873.9999792,Model,RHS50x100x2.3,,UNTUK PEMERIKSAAN INSINYUR - BELUM UNTUK DIPOTONG / DIFABRIKASI
47,1685536S1,260.7,Usulan belum dimodelkan,RHS50x100x2.3,,UNTUK PEMERIKSAAN INSINYUR - BELUM UNTUK DIPOTONG / DIFABRIKASI
48,1690100,4849.0001064,Model,RHS50x100x2.3,,UNTUK PEMERIKSAAN INSINYUR - BELUM UNTUK DIPOTONG / DIFABRIKASI
48,1690252,873.9999792,Model,RHS50x100x2.3,,UNTUK PEMERIKSAAN INSINYUR - BELUM UNTUK DIPOTONG / DIFABRIKASI
48,1685564S0,260.7,Usulan belum dimodelkan,RHS50x100x2.3,,UNTUK PEMERIKSAAN INSINYUR - BELUM UNTUK DIPOTONG / DIFABRIKASI
49,1690102,4849.0001064,Model,RHS50x100x2.3,,UNTUK PEMERIKSAAN INSINYUR - BELUM UNTUK DIPOTONG / DIFABRIKASI
49,1690254,873.9999792,Model,RHS50x100x2.3,,UNTUK PEMERIKSAAN INSINYUR - BELUM UNTUK DIPOTONG / DIFABRIKASI
49,1685564S1,260.7,Usulan belum dimodelkan,RHS50x100x2.3,,UNTUK PEMERIKSAAN INSINYUR - BELUM UNTUK DIPOTONG / DIFABRIKASI
50,1690112,4849.0001064,Model,RHS50x100x2.3,,UNTUK PEMERIKSAAN INSINYUR - BELUM UNTUK DIPOTONG / DIFABRIKASI
50,1690256,873.9999792,Model,RHS50x100x2.3,,UNTUK PEMERIKSAAN INSINYUR - BELUM UNTUK DIPOTONG / DIFABRIKASI
50,1685576S0,260.7,Usulan belum dimodelkan,RHS50x100x2.3,,UNTUK PEMERIKSAAN INSINYUR - BELUM UNTUK DIPOTONG / DIFABRIKASI
51,1690114,4849.0001064,Model,RHS50x100x2.3,,UNTUK PEMERIKSAAN INSINYUR - BELUM UNTUK DIPOTONG / DIFABRIKASI
51,1690258,873.9999792,Model,RHS50x100x2.3,,UNTUK PEMERIKSAAN INSINYUR - BELUM UNTUK DIPOTONG / DIFABRIKASI
51,1685576S1,260.7,Usulan belum dimodelkan,RHS50x100x2.3,,UNTUK PEMERIKSAAN INSINYUR - BELUM UNTUK DIPOTONG / DIFABRIKASI
52,1685454,4754.0000424,Model,RHS50x100x2.3,,UNTUK PEMERIKSAAN INSINYUR - BELUM UNTUK DIPOTONG / DIFABRIKASI
52,1690260,873.9999792,Model,RHS50x100x2.3,,UNTUK PEMERIKSAAN INSINYUR - BELUM UNTUK DIPOTONG / DIFABRIKASI
52,1687999,297.999912,Model,RHS50x100x2.3,,UNTUK PEMERIKSAAN INSINYUR - BELUM UNTUK DIPOTONG / DIFABRIKASI
53,1685460,4754.0000424,Model,RHS50x100x2.3,,UNTUK PEMERIKSAAN INSINYUR - BELUM UNTUK DIPOTONG / DIFABRIKASI
53,1690262,873.9999792,Model,RHS50x100x2.3,,UNTUK PEMERIKSAAN INSINYUR - BELUM UNTUK DIPOTONG / DIFABRIKASI
53,1688008,297.999912,Model,RHS50x100x2.3,,UNTUK PEMERIKSAAN INSINYUR - BELUM UNTUK DIPOTONG / DIFABRIKASI
54,1685463,4754.0000424,Model,RHS50x100x2.3,,UNTUK PEMERIKSAAN INSINYUR - BELUM UNTUK DIPOTONG / DIFABRIKASI
54,1690264,873.9999792,Model,RHS50x100x2.3,,UNTUK PEMERIKSAAN INSINYUR - BELUM UNTUK DIPOTONG / DIFABRIKASI
54,1685616S0,260.7,Usulan belum dimodelkan,RHS50x100x2.3,,UNTUK PEMERIKSAAN INSINYUR - BELUM UNTUK DIPOTONG / DIFABRIKASI
55,1685467,4754.0000424,Model,RHS50x100x2.3,,UNTUK PEMERIKSAAN INSINYUR - BELUM UNTUK DIPOTONG / DIFABRIKASI
55,1690266,873.9999792,Model,RHS50x100x2.3,,UNTUK PEMERIKSAAN INSINYUR - BELUM UNTUK DIPOTONG / DIFABRIKASI
55,1685616S1,260.7,Usulan belum dimodelkan,RHS50x100x2.3,,UNTUK PEMERIKSAAN INSINYUR - BELUM UNTUK DIPOTONG / DIFABRIKASI
56,1685469,4754.0000424,Model,RHS50x100x2.3,,UNTUK PEMERIKSAAN INSINYUR - BELUM UNTUK DIPOTONG / DIFABRIKASI
56,1690268,873.9999792,Model,RHS50x100x2.3,,UNTUK PEMERIKSAAN INSINYUR - BELUM UNTUK DIPOTONG / DIFABRIKASI
56,1685644S0,260.7,Usulan belum dimodelkan,RHS50x100x2.3,,UNTUK PEMERIKSAAN INSINYUR - BELUM UNTUK DIPOTONG / DIFABRIKASI
57,1685473,4754.0000424,Model,RHS50x100x2.3,,UNTUK PEMERIKSAAN INSINYUR - BELUM UNTUK DIPOTONG / DIFABRIKASI
57,1690270,873.9999792,Model,RHS50x100x2.3,,UNTUK PEMERIKSAAN INSINYUR - BELUM UNTUK DIPOTONG / DIFABRIKASI
57,1685644S1,260.7,Usulan belum dimodelkan,RHS50x100x2.3,,UNTUK PEMERIKSAAN INSINYUR - BELUM UNTUK DIPOTONG / DIFABRIKASI
58,1685484,4754.0000424,Model,RHS50x100x2.3,,UNTUK PEMERIKSAAN INSINYUR - BELUM UNTUK DIPOTONG / DIFABRIKASI
58,1690272,873.9999792,Model,RHS50x100x2.3,,UNTUK PEMERIKSAAN INSINYUR - BELUM UNTUK DIPOTONG / DIFABRIKASI
58,1685656S0,260.7,Usulan belum dimodelkan,RHS50x100x2.3,,UNTUK PEMERIKSAAN INSINYUR - BELUM UNTUK DIPOTONG / DIFABRIKASI
59,1685488,4754.0000424,Model,RHS50x100x2.3,,UNTUK PEMERIKSAAN INSINYUR - BELUM UNTUK DIPOTONG / DIFABRIKASI
59,1690274,873.9999792,Model,RHS50x100x2.3,,UNTUK PEMERIKSAAN INSINYUR - BELUM UNTUK DIPOTONG / DIFABRIKASI
59,1685656S1,260.7,Usulan belum dimodelkan,RHS50x100x2.3,,UNTUK PEMERIKSAAN INSINYUR - BELUM UNTUK DIPOTONG / DIFABRIKASI
60,1690080,4649.0001,Model,RHS50x100x2.3,,UNTUK PEMERIKSAAN INSINYUR - BELUM UNTUK DIPOTONG / DIFABRIKASI
60,1690276,873.9999792,Model,RHS50x100x2.3,,UNTUK PEMERIKSAAN INSINYUR - BELUM UNTUK DIPOTONG / DIFABRIKASI
60,1685743S0,460.6,Usulan belum dimodelkan,RHS50x100x2.3,,UNTUK PEMERIKSAAN INSINYUR - BELUM UNTUK DIPOTONG / DIFABRIKASI
61,1690089,4649.0001,Model,RHS50x100x2.3,,UNTUK PEMERIKSAAN INSINYUR - BELUM UNTUK DIPOTONG / DIFABRIKASI
61,1690278,873.9999792,Model,RHS50x100x2.3,,UNTUK PEMERIKSAAN INSINYUR - BELUM UNTUK DIPOTONG / DIFABRIKASI
61,1685743S1,460.6,Usulan belum dimodelkan,RHS50x100x2.3,,UNTUK PEMERIKSAAN INSINYUR - BELUM UNTUK DIPOTONG / DIFABRIKASI
62,1685475,4629.0000384,Model,RHS50x100x2.3,,UNTUK PEMERIKSAAN INSINYUR - BELUM UNTUK DIPOTONG / DIFABRIKASI
62,1690280,873.9999792,Model,RHS50x100x2.3,,UNTUK PEMERIKSAAN INSINYUR - BELUM UNTUK DIPOTONG / DIFABRIKASI
62,1685817S0,460.6,Usulan belum dimodelkan,RHS50x100x2.3,,UNTUK PEMERIKSAAN INSINYUR - BELUM UNTUK DIPOTONG / DIFABRIKASI
63,1685481,4629.0000384,Model,RHS50x100x2.3,,UNTUK PEMERIKSAAN INSINYUR - BELUM UNTUK DIPOTONG / DIFABRIKASI
63,1690282,873.9999792,Model,RHS50x100x2.3,,UNTUK PEMERIKSAAN INSINYUR - BELUM UNTUK DIPOTONG / DIFABRIKASI
63,1685817S1,460.6,Usulan belum dimodelkan,RHS50x100x2.3,,UNTUK PEMERIKSAAN INSINYUR - BELUM UNTUK DIPOTONG / DIFABRIKASI
64,1694637,2593.0000464,Model,RHS50x100x2.3,,UNTUK PEMERIKSAAN INSINYUR - BELUM UNTUK DIPOTONG / DIFABRIKASI
64,1694664,2593.0000464,Model,RHS50x100x2.3,,UNTUK PEMERIKSAAN INSINYUR - BELUM UNTUK DIPOTONG / DIFABRIKASI
64,1685854S0,460.6,Usulan belum dimodelkan,RHS50x100x2.3,,UNTUK PEMERIKSAAN INSINYUR - BELUM UNTUK DIPOTONG / DIFABRIKASI
64,1685684S0,260.7,Usulan belum dimodelkan,RHS50x100x2.3,,UNTUK PEMERIKSAAN INSINYUR - BELUM UNTUK DIPOTONG / DIFABRIKASI
65,1678295,2481.98776,Model,RHS50x100x2.3,,UNTUK PEMERIKSAAN INSINYUR - BELUM UNTUK DIPOTONG / DIFABRIKASI
65,1678298,2481.98776,Model,RHS50x100x2.3,,UNTUK PEMERIKSAAN INSINYUR - BELUM UNTUK DIPOTONG / DIFABRIKASI
65,1690284,873.9999792,Model,RHS50x100x2.3,,UNTUK PEMERIKSAAN INSINYUR - BELUM UNTUK DIPOTONG / DIFABRIKASI
66,1678385,2481.98776,Model,RHS50x100x2.3,,UNTUK PEMERIKSAAN INSINYUR - BELUM UNTUK DIPOTONG / DIFABRIKASI
66,1678387,2481.98776,Model,RHS50x100x2.3,,UNTUK PEMERIKSAAN INSINYUR - BELUM UNTUK DIPOTONG / DIFABRIKASI
66,1690286,873.9999792,Model,RHS50x100x2.3,,UNTUK PEMERIKSAAN INSINYUR - BELUM UNTUK DIPOTONG / DIFABRIKASI
67,1678397,2481.98776,Model,RHS50x100x2.3,,UNTUK PEMERIKSAAN INSINYUR - BELUM UNTUK DIPOTONG / DIFABRIKASI
67,1678399,2481.98776,Model,RHS50x100x2.3,,UNTUK PEMERIKSAAN INSINYUR - BELUM UNTUK DIPOTONG / DIFABRIKASI
67,1690288,873.9999792,Model,RHS50x100x2.3,,UNTUK PEMERIKSAAN INSINYUR - BELUM UNTUK DIPOTONG / DIFABRIKASI
68,1678411,2481.98776,Model,RHS50x100x2.3,,UNTUK PEMERIKSAAN INSINYUR - BELUM UNTUK DIPOTONG / DIFABRIKASI
68,1678421,2481.98776,Model,RHS50x100x2.3,,UNTUK PEMERIKSAAN INSINYUR - BELUM UNTUK DIPOTONG / DIFABRIKASI
68,1690290,873.9999792,Model,RHS50x100x2.3,,UNTUK PEMERIKSAAN INSINYUR - BELUM UNTUK DIPOTONG / DIFABRIKASI
69,1678423,2481.98776,Model,RHS50x100x2.3,,UNTUK PEMERIKSAAN INSINYUR - BELUM UNTUK DIPOTONG / DIFABRIKASI
69,1678433,2481.98776,Model,RHS50x100x2.3,,UNTUK PEMERIKSAAN INSINYUR - BELUM UNTUK DIPOTONG / DIFABRIKASI
69,1690292,873.9999792,Model,RHS50x100x2.3,,UNTUK PEMERIKSAAN INSINYUR - BELUM UNTUK DIPOTONG / DIFABRIKASI
70,1678435,2481.98776,Model,RHS50x100x2.3,,UNTUK PEMERIKSAAN INSINYUR - BELUM UNTUK DIPOTONG / DIFABRIKASI
70,1678445,2481.98776,Model,RHS50x100x2.3,,UNTUK PEMERIKSAAN INSINYUR - BELUM UNTUK DIPOTONG / DIFABRIKASI
70,1690294,873.9999792,Model,RHS50x100x2.3,,UNTUK PEMERIKSAAN INSINYUR - BELUM UNTUK DIPOTONG / DIFABRIKASI
71,1678447,2481.98776,Model,RHS50x100x2.3,,UNTUK PEMERIKSAAN INSINYUR - BELUM UNTUK DIPOTONG / DIFABRIKASI
71,1678459,2481.98776,Model,RHS50x100x2.3,,UNTUK PEMERIKSAAN INSINYUR - BELUM UNTUK DIPOTONG / DIFABRIKASI
71,1690296,873.9999792,Model,RHS50x100x2.3,,UNTUK PEMERIKSAAN INSINYUR - BELUM UNTUK DIPOTONG / DIFABRIKASI
72,1678469,2481.98776,Model,RHS50x100x2.3,,UNTUK PEMERIKSAAN INSINYUR - BELUM UNTUK DIPOTONG / DIFABRIKASI
72,1678471,2481.98776,Model,RHS50x100x2.3,,UNTUK PEMERIKSAAN INSINYUR - BELUM UNTUK DIPOTONG / DIFABRIKASI
72,1690298,873.9999792,Model,RHS50x100x2.3,,UNTUK PEMERIKSAAN INSINYUR - BELUM UNTUK DIPOTONG / DIFABRIKASI
73,1678481,2481.98776,Model,RHS50x100x2.3,,UNTUK PEMERIKSAAN INSINYUR - BELUM UNTUK DIPOTONG / DIFABRIKASI
73,1678483,2481.98776,Model,RHS50x100x2.3,,UNTUK PEMERIKSAAN INSINYUR - BELUM UNTUK DIPOTONG / DIFABRIKASI
73,1690300,873.9999792,Model,RHS50x100x2.3,,UNTUK PEMERIKSAAN INSINYUR - BELUM UNTUK DIPOTONG / DIFABRIKASI
74,1678493,2481.98776,Model,RHS50x100x2.3,,UNTUK PEMERIKSAAN INSINYUR - BELUM UNTUK DIPOTONG / DIFABRIKASI
74,1678495,2481.98776,Model,RHS50x100x2.3,,UNTUK PEMERIKSAAN INSINYUR - BELUM UNTUK DIPOTONG / DIFABRIKASI
74,1690302,873.9999792,Model,RHS50x100x2.3,,UNTUK PEMERIKSAAN INSINYUR - BELUM UNTUK DIPOTONG / DIFABRIKASI
75,1682262,2481.98776,Model,RHS50x100x2.3,,UNTUK PEMERIKSAAN INSINYUR - BELUM UNTUK DIPOTONG / DIFABRIKASI
75,1682284,2481.98776,Model,RHS50x100x2.3,,UNTUK PEMERIKSAAN INSINYUR - BELUM UNTUK DIPOTONG / DIFABRIKASI
75,1690304,873.9999792,Model,RHS50x100x2.3,,UNTUK PEMERIKSAAN INSINYUR - BELUM UNTUK DIPOTONG / DIFABRIKASI
76,1682306,2481.98776,Model,RHS50x100x2.3,,UNTUK PEMERIKSAAN INSINYUR - BELUM UNTUK DIPOTONG / DIFABRIKASI
76,1690209,2481.98776,Model,RHS50x100x2.3,,UNTUK PEMERIKSAAN INSINYUR - BELUM UNTUK DIPOTONG / DIFABRIKASI
76,1690306,873.9999792,Model,RHS50x100x2.3,,UNTUK PEMERIKSAAN INSINYUR - BELUM UNTUK DIPOTONG / DIFABRIKASI
77,1690213,2481.98776,Model,RHS50x100x2.3,,UNTUK PEMERIKSAAN INSINYUR - BELUM UNTUK DIPOTONG / DIFABRIKASI
77,1690217,2481.98776,Model,RHS50x100x2.3,,UNTUK PEMERIKSAAN INSINYUR - BELUM UNTUK DIPOTONG / DIFABRIKASI
77,1690308,873.9999792,Model,RHS50x100x2.3,,UNTUK PEMERIKSAAN INSINYUR - BELUM UNTUK DIPOTONG / DIFABRIKASI
78,1690221,2481.98776,Model,RHS50x100x2.3,,UNTUK PEMERIKSAAN INSINYUR - BELUM UNTUK DIPOTONG / DIFABRIKASI
78,1690225,2481.98776,Model,RHS50x100x2.3,,UNTUK PEMERIKSAAN INSINYUR - BELUM UNTUK DIPOTONG / DIFABRIKASI
78,1690310,873.9999792,Model,RHS50x100x2.3,,UNTUK PEMERIKSAAN INSINYUR - BELUM UNTUK DIPOTONG / DIFABRIKASI
79,1694646,2478.9999696000004,Model,RHS50x100x2.3,,UNTUK PEMERIKSAAN INSINYUR - BELUM UNTUK DIPOTONG / DIFABRIKASI
79,1694642,2475.0000792,Model,RHS50x100x2.3,,UNTUK PEMERIKSAAN INSINYUR - BELUM UNTUK DIPOTONG / DIFABRIKASI
79,1690312,873.9999792,Model,RHS50x100x2.3,,UNTUK PEMERIKSAAN INSINYUR - BELUM UNTUK DIPOTONG / DIFABRIKASI
80,1694669,2475.0000792,Model,RHS50x100x2.3,,UNTUK PEMERIKSAAN INSINYUR - BELUM UNTUK DIPOTONG / DIFABRIKASI
80,1694628,2443.0000416,Model,RHS50x100x2.3,,UNTUK PEMERIKSAAN INSINYUR - BELUM UNTUK DIPOTONG / DIFABRIKASI
80,1690314,873.9999792,Model,RHS50x100x2.3,,UNTUK PEMERIKSAAN INSINYUR - BELUM UNTUK DIPOTONG / DIFABRIKASI
81,1694651,2364.0001488000003,Model,RHS50x100x2.3,,UNTUK PEMERIKSAAN INSINYUR - BELUM UNTUK DIPOTONG / DIFABRIKASI
81,1694633,2330.0000136000003,Model,RHS50x100x2.3,,UNTUK PEMERIKSAAN INSINYUR - BELUM UNTUK DIPOTONG / DIFABRIKASI
81,1690316,873.9999792,Model,RHS50x100x2.3,,UNTUK PEMERIKSAAN INSINYUR - BELUM UNTUK DIPOTONG / DIFABRIKASI
81,1685684S1,260.7,Usulan belum dimodelkan,RHS50x100x2.3,,UNTUK PEMERIKSAAN INSINYUR - BELUM UNTUK DIPOTONG / DIFABRIKASI
82,1694619,2255.0000112000002,Model,RHS50x100x2.3,,UNTUK PEMERIKSAAN INSINYUR - BELUM UNTUK DIPOTONG / DIFABRIKASI
82,1694655,2255.0000112000002,Model,RHS50x100x2.3,,UNTUK PEMERIKSAAN INSINYUR - BELUM UNTUK DIPOTONG / DIFABRIKASI
82,1690318,873.9999792,Model,RHS50x100x2.3,,UNTUK PEMERIKSAAN INSINYUR - BELUM UNTUK DIPOTONG / DIFABRIKASI
82,1685854S1,460.6,Usulan belum dimodelkan,RHS50x100x2.3,,UNTUK PEMERIKSAAN INSINYUR - BELUM UNTUK DIPOTONG / DIFABRIKASI
83,1694624,2157.9998496000003,Model,RHS50x100x2.3,,UNTUK PEMERIKSAAN INSINYUR - BELUM UNTUK DIPOTONG / DIFABRIKASI
83,1694660,2157.9998496000003,Model,RHS50x100x2.3,,UNTUK PEMERIKSAAN INSINYUR - BELUM UNTUK DIPOTONG / DIFABRIKASI
83,1694599,1524.0,Model,RHS50x100x2.3,,UNTUK PEMERIKSAAN INSINYUR - BELUM UNTUK DIPOTONG / DIFABRIKASI
84,1678292,1981.9938400000028,Model,RHS50x100x2.3,,UNTUK PEMERIKSAAN INSINYUR - BELUM UNTUK DIPOTONG / DIFABRIKASI
84,1678491,1981.9938400000028,Model,RHS50x100x2.3,,UNTUK PEMERIKSAAN INSINYUR - BELUM UNTUK DIPOTONG / DIFABRIKASI
84,1690205,1981.9938400000028,Model,RHS50x100x2.3,,UNTUK PEMERIKSAAN INSINYUR - BELUM UNTUK DIPOTONG / DIFABRIKASI
85,1678383,1981.9938399999992,Model,RHS50x100x2.3,,UNTUK PEMERIKSAAN INSINYUR - BELUM UNTUK DIPOTONG / DIFABRIKASI
85,1678395,1981.9938399999992,Model,RHS50x100x2.3,,UNTUK PEMERIKSAAN INSINYUR - BELUM UNTUK DIPOTONG / DIFABRIKASI
85,1678419,1981.9938399999992,Model,RHS50x100x2.3,,UNTUK PEMERIKSAAN INSINYUR - BELUM UNTUK DIPOTONG / DIFABRIKASI
86,1678431,1981.9938399999992,Model,RHS50x100x2.3,,UNTUK PEMERIKSAAN INSINYUR - BELUM UNTUK DIPOTONG / DIFABRIKASI
86,1678443,1981.9938399999992,Model,RHS50x100x2.3,,UNTUK PEMERIKSAAN INSINYUR - BELUM UNTUK DIPOTONG / DIFABRIKASI
86,1678467,1981.9938399999992,Model,RHS50x100x2.3,,UNTUK PEMERIKSAAN INSINYUR - BELUM UNTUK DIPOTONG / DIFABRIKASI
87,1678479,1981.9938399999992,Model,RHS50x100x2.3,,UNTUK PEMERIKSAAN INSINYUR - BELUM UNTUK DIPOTONG / DIFABRIKASI
87,1682257,1981.9938399999992,Model,RHS50x100x2.3,,UNTUK PEMERIKSAAN INSINYUR - BELUM UNTUK DIPOTONG / DIFABRIKASI
87,1682279,1981.9938399999992,Model,RHS50x100x2.3,,UNTUK PEMERIKSAAN INSINYUR - BELUM UNTUK DIPOTONG / DIFABRIKASI
88,1682301,1981.9938399999992,Model,RHS50x100x2.3,,UNTUK PEMERIKSAAN INSINYUR - BELUM UNTUK DIPOTONG / DIFABRIKASI
88,1690386,1928.9999520000001,Model,RHS50x100x2.3,,UNTUK PEMERIKSAAN INSINYUR - BELUM UNTUK DIPOTONG / DIFABRIKASI
88,1690396,1928.9999520000001,Model,RHS50x100x2.3,,UNTUK PEMERIKSAAN INSINYUR - BELUM UNTUK DIPOTONG / DIFABRIKASI
89,1690391,1927.9999032000003,Model,RHS50x100x2.3,,UNTUK PEMERIKSAAN INSINYUR - BELUM UNTUK DIPOTONG / DIFABRIKASI
89,1690400,1927.9999032000003,Model,RHS50x100x2.3,,UNTUK PEMERIKSAAN INSINYUR - BELUM UNTUK DIPOTONG / DIFABRIKASI
89,1690651,1694.0000664000002,Model,RHS50x100x2.3,,UNTUK PEMERIKSAAN INSINYUR - BELUM UNTUK DIPOTONG / DIFABRIKASI
89,1685697S0,260.7,Usulan belum dimodelkan,RHS50x100x2.3,,UNTUK PEMERIKSAAN INSINYUR - BELUM UNTUK DIPOTONG / DIFABRIKASI
90,1694607,1524.0,Model,RHS50x100x2.3,,UNTUK PEMERIKSAAN INSINYUR - BELUM UNTUK DIPOTONG / DIFABRIKASI
90,1694611,1524.0,Model,RHS50x100x2.3,,UNTUK PEMERIKSAAN INSINYUR - BELUM UNTUK DIPOTONG / DIFABRIKASI
90,1694615,1524.0,Model,RHS50x100x2.3,,UNTUK PEMERIKSAAN INSINYUR - BELUM UNTUK DIPOTONG / DIFABRIKASI
90,1690320,873.9999792,Model,RHS50x100x2.3,,UNTUK PEMERIKSAAN INSINYUR - BELUM UNTUK DIPOTONG / DIFABRIKASI
90,1685895S0,460.6,Usulan belum dimodelkan,RHS50x100x2.3,,UNTUK PEMERIKSAAN INSINYUR - BELUM UNTUK DIPOTONG / DIFABRIKASI
91,1678289,1481.999920000002,Model,RHS50x100x2.3,,UNTUK PEMERIKSAAN INSINYUR - BELUM UNTUK DIPOTONG / DIFABRIKASI
91,1678364,1481.999920000002,Model,RHS50x100x2.3,,UNTUK PEMERIKSAAN INSINYUR - BELUM UNTUK DIPOTONG / DIFABRIKASI
91,1678393,1481.999920000002,Model,RHS50x100x2.3,,UNTUK PEMERIKSAAN INSINYUR - BELUM UNTUK DIPOTONG / DIFABRIKASI
91,1678417,1481.999920000002,Model,RHS50x100x2.3,,UNTUK PEMERIKSAAN INSINYUR - BELUM UNTUK DIPOTONG / DIFABRIKASI
92,1678429,1481.999920000002,Model,RHS50x100x2.3,,UNTUK PEMERIKSAAN INSINYUR - BELUM UNTUK DIPOTONG / DIFABRIKASI
92,1678441,1481.999920000002,Model,RHS50x100x2.3,,UNTUK PEMERIKSAAN INSINYUR - BELUM UNTUK DIPOTONG / DIFABRIKASI
92,1678465,1481.999920000002,Model,RHS50x100x2.3,,UNTUK PEMERIKSAAN INSINYUR - BELUM UNTUK DIPOTONG / DIFABRIKASI
92,1678477,1481.999920000002,Model,RHS50x100x2.3,,UNTUK PEMERIKSAAN INSINYUR - BELUM UNTUK DIPOTONG / DIFABRIKASI
93,1678489,1481.999920000002,Model,RHS50x100x2.3,,UNTUK PEMERIKSAAN INSINYUR - BELUM UNTUK DIPOTONG / DIFABRIKASI
93,1682253,1481.999920000002,Model,RHS50x100x2.3,,UNTUK PEMERIKSAAN INSINYUR - BELUM UNTUK DIPOTONG / DIFABRIKASI
93,1682275,1481.999920000002,Model,RHS50x100x2.3,,UNTUK PEMERIKSAAN INSINYUR - BELUM UNTUK DIPOTONG / DIFABRIKASI
93,1682297,1481.999920000002,Model,RHS50x100x2.3,,UNTUK PEMERIKSAAN INSINYUR - BELUM UNTUK DIPOTONG / DIFABRIKASI
94,1690201,1481.999920000002,Model,RHS50x100x2.3,,UNTUK PEMERIKSAAN INSINYUR - BELUM UNTUK DIPOTONG / DIFABRIKASI
94,1690322,873.9999792,Model,RHS50x100x2.3,,UNTUK PEMERIKSAAN INSINYUR - BELUM UNTUK DIPOTONG / DIFABRIKASI
94,1690324,873.9999792,Model,RHS50x100x2.3,,UNTUK PEMERIKSAAN INSINYUR - BELUM UNTUK DIPOTONG / DIFABRIKASI
94,1690326,873.9999792,Model,RHS50x100x2.3,,UNTUK PEMERIKSAAN INSINYUR - BELUM UNTUK DIPOTONG / DIFABRIKASI
94,1690328,873.9999792,Model,RHS50x100x2.3,,UNTUK PEMERIKSAAN INSINYUR - BELUM UNTUK DIPOTONG / DIFABRIKASI
94,1690330,873.9999792,Model,RHS50x100x2.3,,UNTUK PEMERIKSAAN INSINYUR - BELUM UNTUK DIPOTONG / DIFABRIKASI
95,1690332,873.9999792,Model,RHS50x100x2.3,,UNTUK PEMERIKSAAN INSINYUR - BELUM UNTUK DIPOTONG / DIFABRIKASI
95,1690334,873.9999792,Model,RHS50x100x2.3,,UNTUK PEMERIKSAAN INSINYUR - BELUM UNTUK DIPOTONG / DIFABRIKASI
95,1690336,873.9999792,Model,RHS50x100x2.3,,UNTUK PEMERIKSAAN INSINYUR - BELUM UNTUK DIPOTONG / DIFABRIKASI
95,1690338,873.9999792,Model,RHS50x100x2.3,,UNTUK PEMERIKSAAN INSINYUR - BELUM UNTUK DIPOTONG / DIFABRIKASI
95,1690340,873.9999792,Model,RHS50x100x2.3,,UNTUK PEMERIKSAAN INSINYUR - BELUM UNTUK DIPOTONG / DIFABRIKASI
95,1690342,873.9999792,Model,RHS50x100x2.3,,UNTUK PEMERIKSAAN INSINYUR - BELUM UNTUK DIPOTONG / DIFABRIKASI
95,1685895S1,460.6,Usulan belum dimodelkan,RHS50x100x2.3,,UNTUK PEMERIKSAAN INSINYUR - BELUM UNTUK DIPOTONG / DIFABRIKASI
95,1685697S1,260.7,Usulan belum dimodelkan,RHS50x100x2.3,,UNTUK PEMERIKSAAN INSINYUR - BELUM UNTUK DIPOTONG / DIFABRIKASI
96,1690344,873.9999792,Model,RHS50x100x2.3,,UNTUK PEMERIKSAAN INSINYUR - BELUM UNTUK DIPOTONG / DIFABRIKASI
96,1690346,873.9999792,Model,RHS50x100x2.3,,UNTUK PEMERIKSAAN INSINYUR - BELUM UNTUK DIPOTONG / DIFABRIKASI
96,1690348,873.9999792,Model,RHS50x100x2.3,,UNTUK PEMERIKSAAN INSINYUR - BELUM UNTUK DIPOTONG / DIFABRIKASI
96,1690350,873.9999792,Model,RHS50x100x2.3,,UNTUK PEMERIKSAAN INSINYUR - BELUM UNTUK DIPOTONG / DIFABRIKASI
96,1690352,873.9999792,Model,RHS50x100x2.3,,UNTUK PEMERIKSAAN INSINYUR - BELUM UNTUK DIPOTONG / DIFABRIKASI
96,1690354,873.9999792,Model,RHS50x100x2.3,,UNTUK PEMERIKSAAN INSINYUR - BELUM UNTUK DIPOTONG / DIFABRIKASI
96,1685932S0,460.6,Usulan belum dimodelkan,RHS50x100x2.3,,UNTUK PEMERIKSAAN INSINYUR - BELUM UNTUK DIPOTONG / DIFABRIKASI
96,1685725S0,260.7,Usulan belum dimodelkan,RHS50x100x2.3,,UNTUK PEMERIKSAAN INSINYUR - BELUM UNTUK DIPOTONG / DIFABRIKASI
97,1690356,873.9999792,Model,RHS50x100x2.3,,UNTUK PEMERIKSAAN INSINYUR - BELUM UNTUK DIPOTONG / DIFABRIKASI
97,1690364,873.9999792,Model,RHS50x100x2.3,,UNTUK PEMERIKSAAN INSINYUR - BELUM UNTUK DIPOTONG / DIFABRIKASI
97,1685932S1,460.6,Usulan belum dimodelkan,RHS50x100x2.3,,UNTUK PEMERIKSAAN INSINYUR - BELUM UNTUK DIPOTONG / DIFABRIKASI
97,1685969S0,460.6,Usulan belum dimodelkan,RHS50x100x2.3,,UNTUK PEMERIKSAAN INSINYUR - BELUM UNTUK DIPOTONG / DIFABRIKASI
97,1685969S1,460.6,Usulan belum dimodelkan,RHS50x100x2.3,,UNTUK PEMERIKSAAN INSINYUR - BELUM UNTUK DIPOTONG / DIFABRIKASI
97,1686006S0,460.6,Usulan belum dimodelkan,RHS50x100x2.3,,UNTUK PEMERIKSAAN INSINYUR - BELUM UNTUK DIPOTONG / DIFABRIKASI
97,1686006S1,460.6,Usulan belum dimodelkan,RHS50x100x2.3,,UNTUK PEMERIKSAAN INSINYUR - BELUM UNTUK DIPOTONG / DIFABRIKASI
97,1686043S0,460.6,Usulan belum dimodelkan,RHS50x100x2.3,,UNTUK PEMERIKSAAN INSINYUR - BELUM UNTUK DIPOTONG / DIFABRIKASI
97,1686043S1,460.6,Usulan belum dimodelkan,RHS50x100x2.3,,UNTUK PEMERIKSAAN INSINYUR - BELUM UNTUK DIPOTONG / DIFABRIKASI
97,1686482S0,460.6,Usulan belum dimodelkan,RHS50x100x2.3,,UNTUK PEMERIKSAAN INSINYUR - BELUM UNTUK DIPOTONG / DIFABRIKASI
97,1686482S1,460.6,Usulan belum dimodelkan,RHS50x100x2.3,,UNTUK PEMERIKSAAN INSINYUR - BELUM UNTUK DIPOTONG / DIFABRIKASI
98,1686482S2,460.6,Usulan belum dimodelkan,RHS50x100x2.3,,UNTUK PEMERIKSAAN INSINYUR - BELUM UNTUK DIPOTONG / DIFABRIKASI
98,1686482S3,460.6,Usulan belum dimodelkan,RHS50x100x2.3,,UNTUK PEMERIKSAAN INSINYUR - BELUM UNTUK DIPOTONG / DIFABRIKASI
98,1686526S0,460.6,Usulan belum dimodelkan,RHS50x100x2.3,,UNTUK PEMERIKSAAN INSINYUR - BELUM UNTUK DIPOTONG / DIFABRIKASI
98,1686526S1,460.6,Usulan belum dimodelkan,RHS50x100x2.3,,UNTUK PEMERIKSAAN INSINYUR - BELUM UNTUK DIPOTONG / DIFABRIKASI
98,1686557S0,460.6,Usulan belum dimodelkan,RHS50x100x2.3,,UNTUK PEMERIKSAAN INSINYUR - BELUM UNTUK DIPOTONG / DIFABRIKASI
98,1686557S1,460.6,Usulan belum dimodelkan,RHS50x100x2.3,,UNTUK PEMERIKSAAN INSINYUR - BELUM UNTUK DIPOTONG / DIFABRIKASI
98,1686591S0,460.6,Usulan belum dimodelkan,RHS50x100x2.3,,UNTUK PEMERIKSAAN INSINYUR - BELUM UNTUK DIPOTONG / DIFABRIKASI
98,1686591S1,460.6,Usulan belum dimodelkan,RHS50x100x2.3,,UNTUK PEMERIKSAAN INSINYUR - BELUM UNTUK DIPOTONG / DIFABRIKASI
98,1686640S0,460.6,Usulan belum dimodelkan,RHS50x100x2.3,,UNTUK PEMERIKSAAN INSINYUR - BELUM UNTUK DIPOTONG / DIFABRIKASI
98,1686640S1,460.6,Usulan belum dimodelkan,RHS50x100x2.3,,UNTUK PEMERIKSAAN INSINYUR - BELUM UNTUK DIPOTONG / DIFABRIKASI
98,1685725S1,260.7,Usulan belum dimodelkan,RHS50x100x2.3,,UNTUK PEMERIKSAAN INSINYUR - BELUM UNTUK DIPOTONG / DIFABRIKASI
98,1685734S0,260.7,Usulan belum dimodelkan,RHS50x100x2.3,,UNTUK PEMERIKSAAN INSINYUR - BELUM UNTUK DIPOTONG / DIFABRIKASI
98,1685734S1,260.7,Usulan belum dimodelkan,RHS50x100x2.3,,UNTUK PEMERIKSAAN INSINYUR - BELUM UNTUK DIPOTONG / DIFABRIKASI
98,1685762S0,260.7,Usulan belum dimodelkan,RHS50x100x2.3,,UNTUK PEMERIKSAAN INSINYUR - BELUM UNTUK DIPOTONG / DIFABRIKASI
98,1685762S1,260.7,Usulan belum dimodelkan,RHS50x100x2.3,,UNTUK PEMERIKSAAN INSINYUR - BELUM UNTUK DIPOTONG / DIFABRIKASI
99,1685771S0,260.7,Usulan belum dimodelkan,RHS50x100x2.3,,UNTUK PEMERIKSAAN INSINYUR - BELUM UNTUK DIPOTONG / DIFABRIKASI
99,1685771S1,260.7,Usulan belum dimodelkan,RHS50x100x2.3,,UNTUK PEMERIKSAAN INSINYUR - BELUM UNTUK DIPOTONG / DIFABRIKASI
99,1685808S0,260.7,Usulan belum dimodelkan,RHS50x100x2.3,,UNTUK PEMERIKSAAN INSINYUR - BELUM UNTUK DIPOTONG / DIFABRIKASI
99,1685808S1,260.7,Usulan belum dimodelkan,RHS50x100x2.3,,UNTUK PEMERIKSAAN INSINYUR - BELUM UNTUK DIPOTONG / DIFABRIKASI
99,1685836S0,260.7,Usulan belum dimodelkan,RHS50x100x2.3,,UNTUK PEMERIKSAAN INSINYUR - BELUM UNTUK DIPOTONG / DIFABRIKASI
99,1685836S1,260.7,Usulan belum dimodelkan,RHS50x100x2.3,,UNTUK PEMERIKSAAN INSINYUR - BELUM UNTUK DIPOTONG / DIFABRIKASI
99,1685845S0,260.7,Usulan belum dimodelkan,RHS50x100x2.3,,UNTUK PEMERIKSAAN INSINYUR - BELUM UNTUK DIPOTONG / DIFABRIKASI
99,1685845S1,260.7,Usulan belum dimodelkan,RHS50x100x2.3,,UNTUK PEMERIKSAAN INSINYUR - BELUM UNTUK DIPOTONG / DIFABRIKASI
99,1685873S0,260.7,Usulan belum dimodelkan,RHS50x100x2.3,,UNTUK PEMERIKSAAN INSINYUR - BELUM UNTUK DIPOTONG / DIFABRIKASI
99,1685873S1,260.7,Usulan belum dimodelkan,RHS50x100x2.3,,UNTUK PEMERIKSAAN INSINYUR - BELUM UNTUK DIPOTONG / DIFABRIKASI
99,1685886S0,260.7,Usulan belum dimodelkan,RHS50x100x2.3,,UNTUK PEMERIKSAAN INSINYUR - BELUM UNTUK DIPOTONG / DIFABRIKASI
99,1685886S1,260.7,Usulan belum dimodelkan,RHS50x100x2.3,,UNTUK PEMERIKSAAN INSINYUR - BELUM UNTUK DIPOTONG / DIFABRIKASI
99,1685914S0,260.7,Usulan belum dimodelkan,RHS50x100x2.3,,UNTUK PEMERIKSAAN INSINYUR - BELUM UNTUK DIPOTONG / DIFABRIKASI
99,1685914S1,260.7,Usulan belum dimodelkan,RHS50x100x2.3,,UNTUK PEMERIKSAAN INSINYUR - BELUM UNTUK DIPOTONG / DIFABRIKASI
99,1685923S0,260.7,Usulan belum dimodelkan,RHS50x100x2.3,,UNTUK PEMERIKSAAN INSINYUR - BELUM UNTUK DIPOTONG / DIFABRIKASI
99,1685923S1,260.7,Usulan belum dimodelkan,RHS50x100x2.3,,UNTUK PEMERIKSAAN INSINYUR - BELUM UNTUK DIPOTONG / DIFABRIKASI
99,1685951S0,260.7,Usulan belum dimodelkan,RHS50x100x2.3,,UNTUK PEMERIKSAAN INSINYUR - BELUM UNTUK DIPOTONG / DIFABRIKASI
99,1685951S1,260.7,Usulan belum dimodelkan,RHS50x100x2.3,,UNTUK PEMERIKSAAN INSINYUR - BELUM UNTUK DIPOTONG / DIFABRIKASI
99,1685960S0,260.7,Usulan belum dimodelkan,RHS50x100x2.3,,UNTUK PEMERIKSAAN INSINYUR - BELUM UNTUK DIPOTONG / DIFABRIKASI
99,1685960S1,260.7,Usulan belum dimodelkan,RHS50x100x2.3,,UNTUK PEMERIKSAAN INSINYUR - BELUM UNTUK DIPOTONG / DIFABRIKASI
99,1685988S0,260.7,Usulan belum dimodelkan,RHS50x100x2.3,,UNTUK PEMERIKSAAN INSINYUR - BELUM UNTUK DIPOTONG / DIFABRIKASI
99,1685988S1,260.7,Usulan belum dimodelkan,RHS50x100x2.3,,UNTUK PEMERIKSAAN INSINYUR - BELUM UNTUK DIPOTONG / DIFABRIKASI
100,1685997S0,260.7,Usulan belum dimodelkan,RHS50x100x2.3,,UNTUK PEMERIKSAAN INSINYUR - BELUM UNTUK DIPOTONG / DIFABRIKASI
100,1685997S1,260.7,Usulan belum dimodelkan,RHS50x100x2.3,,UNTUK PEMERIKSAAN INSINYUR - BELUM UNTUK DIPOTONG / DIFABRIKASI
100,1686025S0,260.7,Usulan belum dimodelkan,RHS50x100x2.3,,UNTUK PEMERIKSAAN INSINYUR - BELUM UNTUK DIPOTONG / DIFABRIKASI
100,1686025S1,260.7,Usulan belum dimodelkan,RHS50x100x2.3,,UNTUK PEMERIKSAAN INSINYUR - BELUM UNTUK DIPOTONG / DIFABRIKASI
100,1686034S0,260.7,Usulan belum dimodelkan,RHS50x100x2.3,,UNTUK PEMERIKSAAN INSINYUR - BELUM UNTUK DIPOTONG / DIFABRIKASI
100,1686034S1,260.7,Usulan belum dimodelkan,RHS50x100x2.3,,UNTUK PEMERIKSAAN INSINYUR - BELUM UNTUK DIPOTONG / DIFABRIKASI
100,1686494S0,260.7,Usulan belum dimodelkan,RHS50x100x2.3,,UNTUK PEMERIKSAAN INSINYUR - BELUM UNTUK DIPOTONG / DIFABRIKASI
100,1686494S1,260.7,Usulan belum dimodelkan,RHS50x100x2.3,,UNTUK PEMERIKSAAN INSINYUR - BELUM UNTUK DIPOTONG / DIFABRIKASI
100,1686494S2,260.7,Usulan belum dimodelkan,RHS50x100x2.3,,UNTUK PEMERIKSAAN INSINYUR - BELUM UNTUK DIPOTONG / DIFABRIKASI
100,1686494S3,260.7,Usulan belum dimodelkan,RHS50x100x2.3,,UNTUK PEMERIKSAAN INSINYUR - BELUM UNTUK DIPOTONG / DIFABRIKASI
100,1686508S0,260.7,Usulan belum dimodelkan,RHS50x100x2.3,,UNTUK PEMERIKSAAN INSINYUR - BELUM UNTUK DIPOTONG / DIFABRIKASI
100,1686508S1,260.7,Usulan belum dimodelkan,RHS50x100x2.3,,UNTUK PEMERIKSAAN INSINYUR - BELUM UNTUK DIPOTONG / DIFABRIKASI
100,1686518S0,260.7,Usulan belum dimodelkan,RHS50x100x2.3,,UNTUK PEMERIKSAAN INSINYUR - BELUM UNTUK DIPOTONG / DIFABRIKASI
100,1686518S1,260.7,Usulan belum dimodelkan,RHS50x100x2.3,,UNTUK PEMERIKSAAN INSINYUR - BELUM UNTUK DIPOTONG / DIFABRIKASI
100,1686538S0,260.7,Usulan belum dimodelkan,RHS50x100x2.3,,UNTUK PEMERIKSAAN INSINYUR - BELUM UNTUK DIPOTONG / DIFABRIKASI
100,1686538S1,260.7,Usulan belum dimodelkan,RHS50x100x2.3,,UNTUK PEMERIKSAAN INSINYUR - BELUM UNTUK DIPOTONG / DIFABRIKASI
100,1686548S0,260.7,Usulan belum dimodelkan,RHS50x100x2.3,,UNTUK PEMERIKSAAN INSINYUR - BELUM UNTUK DIPOTONG / DIFABRIKASI
100,1686548S1,260.7,Usulan belum dimodelkan,RHS50x100x2.3,,UNTUK PEMERIKSAAN INSINYUR - BELUM UNTUK DIPOTONG / DIFABRIKASI
100,1686572S0,260.7,Usulan belum dimodelkan,RHS50x100x2.3,,UNTUK PEMERIKSAAN INSINYUR - BELUM UNTUK DIPOTONG / DIFABRIKASI
100,1686572S1,260.7,Usulan belum dimodelkan,RHS50x100x2.3,,UNTUK PEMERIKSAAN INSINYUR - BELUM UNTUK DIPOTONG / DIFABRIKASI
100,1686582S0,260.7,Usulan belum dimodelkan,RHS50x100x2.3,,UNTUK PEMERIKSAAN INSINYUR - BELUM UNTUK DIPOTONG / DIFABRIKASI
100,1686582S1,260.7,Usulan belum dimodelkan,RHS50x100x2.3,,UNTUK PEMERIKSAAN INSINYUR - BELUM UNTUK DIPOTONG / DIFABRIKASI
101,1686606S0,260.7,Usulan belum dimodelkan,RHS50x100x2.3,,UNTUK PEMERIKSAAN INSINYUR - BELUM UNTUK DIPOTONG / DIFABRIKASI
101,1686606S1,260.7,Usulan belum dimodelkan,RHS50x100x2.3,,UNTUK PEMERIKSAAN INSINYUR - BELUM UNTUK DIPOTONG / DIFABRIKASI
101,1686616S0,260.7,Usulan belum dimodelkan,RHS50x100x2.3,,UNTUK PEMERIKSAAN INSINYUR - BELUM UNTUK DIPOTONG / DIFABRIKASI
101,1686616S1,260.7,Usulan belum dimodelkan,RHS50x100x2.3,,UNTUK PEMERIKSAAN INSINYUR - BELUM UNTUK DIPOTONG / DIFABRIKASI
101,1686631S0,260.7,Usulan belum dimodelkan,RHS50x100x2.3,,UNTUK PEMERIKSAAN INSINYUR - BELUM UNTUK DIPOTONG / DIFABRIKASI
101,1686631S1,260.7,Usulan belum dimodelkan,RHS50x100x2.3,,UNTUK PEMERIKSAAN INSINYUR - BELUM UNTUK DIPOTONG / DIFABRIKASI
