mark,revit_id,x_lokal_mm,y_lokal_mm,tinggi_arsip_mm,status
C01,1678283,0,0,482.01,UNTUK PEMERIKSAAN INSINYUR - BELUM UNTUK DIPOTONG / DIFABRIKASI
C02,1678360,1770,0,482.01,UNTUK PEMERIKSAAN INSINYUR - BELUM UNTUK DIPOTONG / DIFABRIKASI
C03,1678389,3540,0,482.01,UNTUK PEMERIKSAAN INSINYUR - BELUM UNTUK DIPOTONG / DIFABRIKASI
C04,1678425,4830,0,482.01,UNTUK PEMERIKSAAN INSINYUR - BELUM UNTUK DIPOTONG / DIFABRIKASI
C05,1682244,6870,0,482.01,UNTUK PEMERIKSAAN INSINYUR - BELUM UNTUK DIPOTONG / DIFABRIKASI
C06,1678413,7080,0,482.01,UNTUK PEMERIKSAAN INSINYUR - BELUM UNTUK DIPOTONG / DIFABRIKASI
C07,1690193,8850,0,482.01,UNTUK PEMERIKSAAN INSINYUR - BELUM UNTUK DIPOTONG / DIFABRIKASI
C08,1678437,10620,0,482.01,UNTUK PEMERIKSAAN INSINYUR - BELUM UNTUK DIPOTONG / DIFABRIKASI
C09,1682266,12230,0,482.01,UNTUK PEMERIKSAAN INSINYUR - BELUM UNTUK DIPOTONG / DIFABRIKASI
C10,1682288,12870,0,482.01,UNTUK PEMERIKSAAN INSINYUR - BELUM UNTUK DIPOTONG / DIFABRIKASI
C11,1678461,14160,0,482.01,UNTUK PEMERIKSAAN INSINYUR - BELUM UNTUK DIPOTONG / DIFABRIKASI
C12,1678473,15930,0,482.01,UNTUK PEMERIKSAAN INSINYUR - BELUM UNTUK DIPOTONG / DIFABRIKASI
C13,1678485,17700,0,482.01,UNTUK PEMERIKSAAN INSINYUR - BELUM UNTUK DIPOTONG / DIFABRIKASI
C14,1678286,0,1000,982.01,UNTUK PEMERIKSAAN INSINYUR - BELUM UNTUK DIPOTONG / DIFABRIKASI
C15,1678362,1770,1000,982.01,UNTUK PEMERIKSAAN INSINYUR - BELUM UNTUK DIPOTONG / DIFABRIKASI
C16,1678391,3540,1000,982.01,UNTUK PEMERIKSAAN INSINYUR - BELUM UNTUK DIPOTONG / DIFABRIKASI
C17,1678427,4830,1000,982.01,UNTUK PEMERIKSAAN INSINYUR - BELUM UNTUK DIPOTONG / DIFABRIKASI
C18,1682249,6870,1000,982.01,UNTUK PEMERIKSAAN INSINYUR - BELUM UNTUK DIPOTONG / DIFABRIKASI
C19,1678415,7080,1000,982.01,UNTUK PEMERIKSAAN INSINYUR - BELUM UNTUK DIPOTONG / DIFABRIKASI
C20,1690197,8850,1000,982.01,UNTUK PEMERIKSAAN INSINYUR - BELUM UNTUK DIPOTONG / DIFABRIKASI
C21,1678439,10620,1000,982.01,UNTUK PEMERIKSAAN INSINYUR - BELUM UNTUK DIPOTONG / DIFABRIKASI
C22,1682271,12230,1000,982.01,UNTUK PEMERIKSAAN INSINYUR - BELUM UNTUK DIPOTONG / DIFABRIKASI
C23,1682293,12870,1000,982.01,UNTUK PEMERIKSAAN INSINYUR - BELUM UNTUK DIPOTONG / DIFABRIKASI
C24,1678463,14160,1000,982.01,UNTUK PEMERIKSAAN INSINYUR - BELUM UNTUK DIPOTONG / DIFABRIKASI
C25,1678475,15930,1000,982.01,UNTUK PEMERIKSAAN INSINYUR - BELUM UNTUK DIPOTONG / DIFABRIKASI
C26,1678487,17700,1000,982.01,UNTUK PEMERIKSAAN INSINYUR - BELUM UNTUK DIPOTONG / DIFABRIKASI
C27,1678289,0,2000,1482.0,UNTUK PEMERIKSAAN INSINYUR - BELUM UNTUK DIPOTONG / DIFABRIKASI
C28,1678364,1770,2000,1482.0,UNTUK PEMERIKSAAN INSINYUR - BELUM UNTUK DIPOTONG / DIFABRIKASI
C29,1678393,3540,2000,1482.0,UNTUK PEMERIKSAAN INSINYUR - BELUM UNTUK DIPOTONG / DIFABRIKASI
C30,1678429,4830,2000,1482.0,UNTUK PEMERIKSAAN INSINYUR - BELUM UNTUK DIPOTONG / DIFABRIKASI
C31,1682253,6870,2000,1482.0,UNTUK PEMERIKSAAN INSINYUR - BELUM UNTUK DIPOTONG / DIFABRIKASI
C32,1678417,7080,2000,1482.0,UNTUK PEMERIKSAAN INSINYUR - BELUM UNTUK DIPOTONG / DIFABRIKASI
C33,1690201,8850,2000,1482.0,UNTUK PEMERIKSAAN INSINYUR - BELUM UNTUK DIPOTONG / DIFABRIKASI
C34,1678441,10620,2000,1482.0,UNTUK PEMERIKSAAN INSINYUR - BELUM UNTUK DIPOTONG / DIFABRIKASI
C35,1682275,12230,2000,1482.0,UNTUK PEMERIKSAAN INSINYUR - BELUM UNTUK DIPOTONG / DIFABRIKASI
C36,1682297,12870,2000,1482.0,UNTUK PEMERIKSAAN INSINYUR - BELUM UNTUK DIPOTONG / DIFABRIKASI
C37,1678465,14160,2000,1482.0,UNTUK PEMERIKSAAN INSINYUR - BELUM UNTUK DIPOTONG / DIFABRIKASI
C38,1678477,15930,2000,1482.0,UNTUK PEMERIKSAAN INSINYUR - BELUM UNTUK DIPOTONG / DIFABRIKASI
C39,1678489,17700,2000,1482.0,UNTUK PEMERIKSAAN INSINYUR - BELUM UNTUK DIPOTONG / DIFABRIKASI
C40,1678292,350,3000,1981.99,UNTUK PEMERIKSAAN INSINYUR - BELUM UNTUK DIPOTONG / DIFABRIKASI
C41,1678383,1770,3000,1981.99,UNTUK PEMERIKSAAN INSINYUR - BELUM UNTUK DIPOTONG / DIFABRIKASI
C42,1678395,3540,3000,1981.99,UNTUK PEMERIKSAAN INSINYUR - BELUM UNTUK DIPOTONG / DIFABRIKASI
C43,1678431,4830,3000,1981.99,UNTUK PEMERIKSAAN INSINYUR - BELUM UNTUK DIPOTONG / DIFABRIKASI
C44,1682257,6870,3000,1981.99,UNTUK PEMERIKSAAN INSINYUR - BELUM UNTUK DIPOTONG / DIFABRIKASI
C45,1678419,7080,3000,1981.99,UNTUK PEMERIKSAAN INSINYUR - BELUM UNTUK DIPOTONG / DIFABRIKASI
C46,1690205,8850,3000,1981.99,UNTUK PEMERIKSAAN INSINYUR - BELUM UNTUK DIPOTONG / DIFABRIKASI
C47,1678443,10620,3000,1981.99,UNTUK PEMERIKSAAN INSINYUR - BELUM UNTUK DIPOTONG / DIFABRIKASI
C48,1682279,12230,3000,1981.99,UNTUK PEMERIKSAAN INSINYUR - BELUM UNTUK DIPOTONG / DIFABRIKASI
C49,1682301,12870,3000,1981.99,UNTUK PEMERIKSAAN INSINYUR - BELUM UNTUK DIPOTONG / DIFABRIKASI
C50,1678467,14160,3000,1981.99,UNTUK PEMERIKSAAN INSINYUR - BELUM UNTUK DIPOTONG / DIFABRIKASI
C51,1678479,15930,3000,1981.99,UNTUK PEMERIKSAAN INSINYUR - BELUM UNTUK DIPOTONG / DIFABRIKASI
C52,1678491,17350,3000,1981.99,UNTUK PEMERIKSAAN INSINYUR - BELUM UNTUK DIPOTONG / DIFABRIKASI
C53,1678295,0,4000,2481.99,UNTUK PEMERIKSAAN INSINYUR - BELUM UNTUK DIPOTONG / DIFABRIKASI
C54,1678385,1770,4000,2481.99,UNTUK PEMERIKSAAN INSINYUR - BELUM UNTUK DIPOTONG / DIFABRIKASI
C55,1678397,3540,4000,2481.99,UNTUK PEMERIKSAAN INSINYUR - BELUM UNTUK DIPOTONG / DIFABRIKASI
C56,1678433,4830,4000,2481.99,UNTUK PEMERIKSAAN INSINYUR - BELUM UNTUK DIPOTONG / DIFABRIKASI
C57,1682262,6870,4000,2481.99,UNTUK PEMERIKSAAN INSINYUR - BELUM UNTUK DIPOTONG / DIFABRIKASI
C58,1678421,7080,4000,2481.99,UNTUK PEMERIKSAAN INSINYUR - BELUM UNTUK DIPOTONG / DIFABRIKASI
C59,1690209,8850,4000,2481.99,UNTUK PEMERIKSAAN INSINYUR - BELUM UNTUK DIPOTONG / DIFABRIKASI
C60,1678445,10620,4000,2481.99,UNTUK PEMERIKSAAN INSINYUR - BELUM UNTUK DIPOTONG / DIFABRIKASI
C61,1682284,12230,4000,2481.99,UNTUK PEMERIKSAAN INSINYUR - BELUM UNTUK DIPOTONG / DIFABRIKASI
C62,1682306,12870,4000,2481.99,UNTUK PEMERIKSAAN INSINYUR - BELUM UNTUK DIPOTONG / DIFABRIKASI
C63,1678469,14160,4000,2481.99,UNTUK PEMERIKSAAN INSINYUR - BELUM UNTUK DIPOTONG / DIFABRIKASI
C64,1678481,15930,4000,2481.99,UNTUK PEMERIKSAAN INSINYUR - BELUM UNTUK DIPOTONG / DIFABRIKASI
C65,1678493,17700,4000,2481.99,UNTUK PEMERIKSAAN INSINYUR - BELUM UNTUK DIPOTONG / DIFABRIKASI
C66,1678298,0,5000,2481.99,UNTUK PEMERIKSAAN INSINYUR - BELUM UNTUK DIPOTONG / DIFABRIKASI
C67,1678387,1770,5000,2481.99,UNTUK PEMERIKSAAN INSINYUR - BELUM UNTUK DIPOTONG / DIFABRIKASI
C68,1678399,3540,5000,2481.99,UNTUK PEMERIKSAAN INSINYUR - BELUM UNTUK DIPOTONG / DIFABRIKASI
C69,1690213,4830,5000,2481.99,UNTUK PEMERIKSAAN INSINYUR - BELUM UNTUK DIPOTONG / DIFABRIKASI
C70,1678411,5310,5000,2481.99,UNTUK PEMERIKSAAN INSINYUR - BELUM UNTUK DIPOTONG / DIFABRIKASI
C71,1690217,6870,5000,2481.99,UNTUK PEMERIKSAAN INSINYUR - BELUM UNTUK DIPOTONG / DIFABRIKASI
C72,1678423,7080,5000,2481.99,UNTUK PEMERIKSAAN INSINYUR - BELUM UNTUK DIPOTONG / DIFABRIKASI
C73,1678435,8850,5000,2481.99,UNTUK PEMERIKSAAN INSINYUR - BELUM UNTUK DIPOTONG / DIFABRIKASI
C74,1678447,10620,5000,2481.99,UNTUK PEMERIKSAAN INSINYUR - BELUM UNTUK DIPOTONG / DIFABRIKASI
C75,1690221,12230,5000,2481.99,UNTUK PEMERIKSAAN INSINYUR - BELUM UNTUK DIPOTONG / DIFABRIKASI
C76,1678459,12390,5000,2481.99,UNTUK PEMERIKSAAN INSINYUR - BELUM UNTUK DIPOTONG / DIFABRIKASI
C77,1690225,12870,5000,2481.99,UNTUK PEMERIKSAAN INSINYUR - BELUM UNTUK DIPOTONG / DIFABRIKASI
C78,1678471,14160,5000,2481.99,UNTUK PEMERIKSAAN INSINYUR - BELUM UNTUK DIPOTONG / DIFABRIKASI
C79,1678483,15930,5000,2481.99,UNTUK PEMERIKSAAN INSINYUR - BELUM UNTUK DIPOTONG / DIFABRIKASI
C80,1678495,17700,5000,2481.99,UNTUK PEMERIKSAAN INSINYUR - BELUM UNTUK DIPOTONG / DIFABRIKASI
