STATUS,Batang_6m,Element_ID,Potong_mm,Kerf_mm
STUDI_BELUM_FABRIKASI,1,1690396,1929,3
STUDI_BELUM_FABRIKASI,1,1690400,1928,3
STUDI_BELUM_FABRIKASI,1,1690364,874,3
STUDI_BELUM_FABRIKASI,1,1690356,874,3
STUDI_BELUM_FABRIKASI,1,1686099,87,3
STUDI_BELUM_FABRIKASI,2,1690386,1929,3
STUDI_BELUM_FABRIKASI,2,1690391,1928,3
STUDI_BELUM_FABRIKASI,2,1690354,874,3
STUDI_BELUM_FABRIKASI,2,1690352,874,3
STUDI_BELUM_FABRIKASI,2,1686096,87,3
STUDI_BELUM_FABRIKASI,3,1690376,2594,3
STUDI_BELUM_FABRIKASI,3,1690350,874,3
STUDI_BELUM_FABRIKASI,3,1690348,874,3
STUDI_BELUM_FABRIKASI,3,1690346,874,3
STUDI_BELUM_FABRIKASI,4,1690371,2594,3
STUDI_BELUM_FABRIKASI,4,1690344,874,3
STUDI_BELUM_FABRIKASI,4,1690342,874,3
STUDI_BELUM_FABRIKASI,4,1690340,874,3
STUDI_BELUM_FABRIKASI,5,1686950,2594,3
STUDI_BELUM_FABRIKASI,5,1690338,874,3
STUDI_BELUM_FABRIKASI,5,1690336,874,3
STUDI_BELUM_FABRIKASI,5,1690334,874,3
STUDI_BELUM_FABRIKASI,6,1686947,2594,3
STUDI_BELUM_FABRIKASI,6,1690332,874,3
STUDI_BELUM_FABRIKASI,6,1690330,874,3
STUDI_BELUM_FABRIKASI,6,1690328,874,3
STUDI_BELUM_FABRIKASI,7,1686943,2594,3
STUDI_BELUM_FABRIKASI,7,1690326,874,3
STUDI_BELUM_FABRIKASI,7,1690324,874,3
STUDI_BELUM_FABRIKASI,7,1690322,874,3
STUDI_BELUM_FABRIKASI,8,1686939,2594,3
STUDI_BELUM_FABRIKASI,8,1690320,874,3
STUDI_BELUM_FABRIKASI,8,1690318,874,3
STUDI_BELUM_FABRIKASI,8,1690316,874,3
STUDI_BELUM_FABRIKASI,9,1686932,2594,3
STUDI_BELUM_FABRIKASI,9,1690314,874,3
STUDI_BELUM_FABRIKASI,9,1690312,874,3
STUDI_BELUM_FABRIKASI,9,1690310,874,3
STUDI_BELUM_FABRIKASI,10,1686930,2594,3
STUDI_BELUM_FABRIKASI,10,1690651,1695,3
STUDI_BELUM_FABRIKASI,10,1690308,874,3
STUDI_BELUM_FABRIKASI,10,1688011,266,3
STUDI_BELUM_FABRIKASI,11,1690381,2595,3
STUDI_BELUM_FABRIKASI,11,1686927,2594,3
STUDI_BELUM_FABRIKASI,11,1686093,87,3
STUDI_BELUM_FABRIKASI,12,1690366,2595,3
STUDI_BELUM_FABRIKASI,12,1686919,2594,3
STUDI_BELUM_FABRIKASI,12,1686090,87,3
STUDI_BELUM_FABRIKASI,13,1685481,4630,3
STUDI_BELUM_FABRIKASI,13,1690306,874,3
STUDI_BELUM_FABRIKASI,13,1686087,87,3
STUDI_BELUM_FABRIKASI,14,1685475,4630,3
STUDI_BELUM_FABRIKASI,14,1690304,874,3
STUDI_BELUM_FABRIKASI,14,1686084,87,3
STUDI_BELUM_FABRIKASI,15,1690089,4650,3
STUDI_BELUM_FABRIKASI,15,1690302,874,3
STUDI_BELUM_FABRIKASI,15,1686081,87,3
STUDI_BELUM_FABRIKASI,16,1690080,4650,3
STUDI_BELUM_FABRIKASI,16,1690300,874,3
STUDI_BELUM_FABRIKASI,16,1686077,87,3
STUDI_BELUM_FABRIKASI,17,1685488,4755,3
STUDI_BELUM_FABRIKASI,17,1690298,874,3
STUDI_BELUM_FABRIKASI,18,1685484,4755,3
STUDI_BELUM_FABRIKASI,18,1690296,874,3
STUDI_BELUM_FABRIKASI,19,1685473,4755,3
STUDI_BELUM_FABRIKASI,19,1690294,874,3
STUDI_BELUM_FABRIKASI,20,1685469,4755,3
STUDI_BELUM_FABRIKASI,20,1690292,874,3
STUDI_BELUM_FABRIKASI,21,1685467,4755,3
STUDI_BELUM_FABRIKASI,21,1690290,874,3
STUDI_BELUM_FABRIKASI,22,1685463,4755,3
STUDI_BELUM_FABRIKASI,22,1690288,874,3
STUDI_BELUM_FABRIKASI,23,1685460,4755,3
STUDI_BELUM_FABRIKASI,23,1690286,874,3
STUDI_BELUM_FABRIKASI,23,1688008,298,3
STUDI_BELUM_FABRIKASI,24,1685454,4755,3
STUDI_BELUM_FABRIKASI,24,1690284,874,3
STUDI_BELUM_FABRIKASI,24,1687999,298,3
STUDI_BELUM_FABRIKASI,25,1690114,4850,3
STUDI_BELUM_FABRIKASI,26,1690112,4850,3
STUDI_BELUM_FABRIKASI,26,1690282,874,3
STUDI_BELUM_FABRIKASI,27,1690106,4850,3
STUDI_BELUM_FABRIKASI,27,1690280,874,3
STUDI_BELUM_FABRIKASI,28,1690104,4850,3
STUDI_BELUM_FABRIKASI,28,1690278,874,3
STUDI_BELUM_FABRIKASI,29,1690102,4850,3
STUDI_BELUM_FABRIKASI,29,1690276,874,3
STUDI_BELUM_FABRIKASI,30,1690100,4850,3
STUDI_BELUM_FABRIKASI,30,1690274,874,3
STUDI_BELUM_FABRIKASI,31,1690094,4850,3
STUDI_BELUM_FABRIKASI,31,1690272,874,3
STUDI_BELUM_FABRIKASI,32,1690092,4850,3
STUDI_BELUM_FABRIKASI,32,1690270,874,3
STUDI_BELUM_FABRIKASI,33,1690087,4850,3
STUDI_BELUM_FABRIKASI,33,1690268,874,3
STUDI_BELUM_FABRIKASI,34,1690078,4850,3
STUDI_BELUM_FABRIKASI,34,1690266,874,3
STUDI_BELUM_FABRIKASI,35,1690076,4850,3
STUDI_BELUM_FABRIKASI,35,1690264,874,3
STUDI_BELUM_FABRIKASI,36,1690074,4850,3
STUDI_BELUM_FABRIKASI,36,1690262,874,3
STUDI_BELUM_FABRIKASI,37,1690068,4850,3
STUDI_BELUM_FABRIKASI,37,1690260,874,3
STUDI_BELUM_FABRIKASI,38,1690066,4850,3
STUDI_BELUM_FABRIKASI,38,1690258,874,3
STUDI_BELUM_FABRIKASI,39,1690064,4850,3
STUDI_BELUM_FABRIKASI,39,1690256,874,3
STUDI_BELUM_FABRIKASI,40,1690062,4850,3
STUDI_BELUM_FABRIKASI,40,1690254,874,3
STUDI_BELUM_FABRIKASI,41,1690056,4850,3
STUDI_BELUM_FABRIKASI,41,1690252,874,3
STUDI_BELUM_FABRIKASI,42,1690054,4850,3
STUDI_BELUM_FABRIKASI,42,1690249,874,3
STUDI_BELUM_FABRIKASI,43,1686918,4850,3
STUDI_BELUM_FABRIKASI,43,1690246,874,3
STUDI_BELUM_FABRIKASI,44,1686914,4850,3
STUDI_BELUM_FABRIKASI,44,1690244,874,3
STUDI_BELUM_FABRIKASI,45,1686912,4850,3
STUDI_BELUM_FABRIKASI,45,1690241,874,3
STUDI_BELUM_FABRIKASI,46,1686908,4850,3
STUDI_BELUM_FABRIKASI,46,1690232,874,3
STUDI_BELUM_FABRIKASI,47,1686906,4850,3
STUDI_BELUM_FABRIKASI,47,1690230,874,3
STUDI_BELUM_FABRIKASI,48,1686902,4850,3
STUDI_BELUM_FABRIKASI,48,1690227,874,3
STUDI_BELUM_FABRIKASI,49,1686900,4850,3
STUDI_BELUM_FABRIKASI,49,1690361,923,3
STUDI_BELUM_FABRIKASI,50,1686896,4850,3
STUDI_BELUM_FABRIKASI,50,1690358,923,3
STUDI_BELUM_FABRIKASI,51,1686893,4850,3
STUDI_BELUM_FABRIKASI,51,1690238,923,3
STUDI_BELUM_FABRIKASI,52,1686889,4850,3
STUDI_BELUM_FABRIKASI,52,1690235,923,3
STUDI_BELUM_FABRIKASI,53,1690648,5234,3
STUDI_BELUM_FABRIKASI,54,1690645,5234,3
STUDI_BELUM_FABRIKASI,55,1690642,5234,3
STUDI_BELUM_FABRIKASI,56,1687128,5284,3
STUDI_BELUM_FABRIKASI,56,1686074,87,3
STUDI_BELUM_FABRIKASI,57,1685486,5284,3
STUDI_BELUM_FABRIKASI,57,1686071,87,3
STUDI_BELUM_FABRIKASI,58,1685471,5284,3
STUDI_BELUM_FABRIKASI,58,1686068,87,3
STUDI_BELUM_FABRIKASI,59,1685465,5284,3
STUDI_BELUM_FABRIKASI,59,1686066,87,3
STUDI_BELUM_FABRIKASI,60,1685457,5284,3
STUDI_BELUM_FABRIKASI,60,1688004,266,3
STUDI_BELUM_FABRIKASI,61,1690110,5400,3
STUDI_BELUM_FABRIKASI,62,1690108,5400,3
STUDI_BELUM_FABRIKASI,63,1690098,5400,3
STUDI_BELUM_FABRIKASI,64,1690096,5400,3
STUDI_BELUM_FABRIKASI,65,1690085,5400,3
STUDI_BELUM_FABRIKASI,66,1690083,5400,3
STUDI_BELUM_FABRIKASI,67,1690072,5400,3
STUDI_BELUM_FABRIKASI,68,1690070,5400,3
STUDI_BELUM_FABRIKASI,69,1690060,5400,3
STUDI_BELUM_FABRIKASI,70,1690058,5400,3
STUDI_BELUM_FABRIKASI,71,1686916,5400,3
STUDI_BELUM_FABRIKASI,72,1686910,5400,3
STUDI_BELUM_FABRIKASI,73,1686904,5400,3
STUDI_BELUM_FABRIKASI,74,1686898,5400,3
STUDI_BELUM_FABRIKASI,75,1686891,5400,3
