profil,stok,id,komponen,panjang_mm,status
RHS50x100,1,1686891,X03,5399.0001,studi - belum fabrikasi
RHS50x100,1,1678283,X01,482.0119,studi - belum fabrikasi
RHS50x100,1,1686090,X05,87.0,studi - belum fabrikasi
RHS50x100,2,1686898,X03,5399.0001,studi - belum fabrikasi
RHS50x100,2,1678360,X01,482.0119,studi - belum fabrikasi
RHS50x100,2,1686093,X05,87.0,studi - belum fabrikasi
RHS50x100,3,1686904,X03,5399.0001,studi - belum fabrikasi
RHS50x100,3,1678389,X01,482.0119,studi - belum fabrikasi
RHS50x100,3,1686096,X05,87.0,studi - belum fabrikasi
RHS50x100,4,1686910,X03,5399.0001,studi - belum fabrikasi
RHS50x100,4,1678413,X01,482.0119,studi - belum fabrikasi
RHS50x100,4,1686099,X05,87.0,studi - belum fabrikasi
RHS50x100,5,1686916,X03,5399.0001,studi - belum fabrikasi
RHS50x100,5,1678425,X01,482.0119,studi - belum fabrikasi
RHS50x100,6,1690058,X03,5399.0001,studi - belum fabrikasi
RHS50x100,6,1678437,X01,482.0119,studi - belum fabrikasi
RHS50x100,7,1690060,X03,5399.0001,studi - belum fabrikasi
RHS50x100,7,1678461,X01,482.0119,studi - belum fabrikasi
RHS50x100,8,1690070,X03,5399.0001,studi - belum fabrikasi
RHS50x100,8,1678473,X01,482.0119,studi - belum fabrikasi
RHS50x100,9,1690072,X03,5399.0001,studi - belum fabrikasi
RHS50x100,9,1678485,X01,482.0119,studi - belum fabrikasi
RHS50x100,10,1690083,X03,5399.0001,studi - belum fabrikasi
RHS50x100,10,1682244,X01,482.0119,studi - belum fabrikasi
RHS50x100,11,1690085,X03,5399.0001,studi - belum fabrikasi
RHS50x100,11,1682266,X01,482.0119,studi - belum fabrikasi
RHS50x100,12,1690096,X03,5399.0001,studi - belum fabrikasi
RHS50x100,12,1682288,X01,482.0119,studi - belum fabrikasi
RHS50x100,13,1690098,X03,5399.0001,studi - belum fabrikasi
RHS50x100,13,1690193,X01,482.0119,studi - belum fabrikasi
RHS50x100,14,1690108,X03,5399.0001,studi - belum fabrikasi
RHS50x100,14,1685510S0,B02,460.5879,studi - belum fabrikasi
RHS50x100,15,1690110,X03,5399.0001,studi - belum fabrikasi
RHS50x100,15,1685510S1,B02,460.5879,studi - belum fabrikasi
RHS50x100,16,1685457,X02,5284.0,studi - belum fabrikasi
RHS50x100,16,1685625S0,B02,460.5879,studi - belum fabrikasi
RHS50x100,17,1685465,X02,5284.0,studi - belum fabrikasi
RHS50x100,17,1685625S1,B02,460.5879,studi - belum fabrikasi
RHS50x100,18,1685471,X02,5284.0,studi - belum fabrikasi
RHS50x100,18,1685706S0,B02,460.5879,studi - belum fabrikasi
RHS50x100,19,1685486,X02,5284.0,studi - belum fabrikasi
RHS50x100,19,1685706S1,B02,460.5879,studi - belum fabrikasi
RHS50x100,20,1687128,X02,5284.0,studi - belum fabrikasi
RHS50x100,20,1685817S0,B02,460.5879,studi - belum fabrikasi
RHS50x100,21,1690642,X04,5234.0,studi - belum fabrikasi
RHS50x100,21,1685817S1,B02,460.5879,studi - belum fabrikasi
RHS50x100,21,I1-P00,I01,285,studi - belum fabrikasi
RHS50x100,22,1690645,X04,5234.0,studi - belum fabrikasi
RHS50x100,22,1685895S0,B02,460.5879,studi - belum fabrikasi
RHS50x100,22,I1-P01,I01,285,studi - belum fabrikasi
RHS50x100,23,1690648,X04,5234.0,studi - belum fabrikasi
RHS50x100,23,1685895S1,B02,460.5879,studi - belum fabrikasi
RHS50x100,23,I1-P10,I01,285,studi - belum fabrikasi
RHS50x100,24,1686889,X03,4849.9999,studi - belum fabrikasi
RHS50x100,24,I1-G0,I02,1000,studi - belum fabrikasi
RHS50x100,25,1686896,X03,4849.9999,studi - belum fabrikasi
RHS50x100,25,I1-G1,I02,1000,studi - belum fabrikasi
RHS50x100,26,1686902,X03,4849.9999,studi - belum fabrikasi
RHS50x100,26,I2-G0,I02,1000,studi - belum fabrikasi
RHS50x100,27,1686908,X03,4849.9999,studi - belum fabrikasi
RHS50x100,27,I2-G1,I02,1000,studi - belum fabrikasi
RHS50x100,28,1686914,X03,4849.9999,studi - belum fabrikasi
RHS50x100,28,I3-G0,I02,1000,studi - belum fabrikasi
RHS50x100,29,1690054,X03,4849.9999,studi - belum fabrikasi
RHS50x100,29,I3-G1,I02,1000,studi - belum fabrikasi
RHS50x100,30,1690056,X03,4849.9999,studi - belum fabrikasi
RHS50x100,30,I4-G0,I02,1000,studi - belum fabrikasi
RHS50x100,31,1690066,X03,4849.9999,studi - belum fabrikasi
RHS50x100,31,I4-G1,I02,1000,studi - belum fabrikasi
RHS50x100,32,1690068,X03,4849.9999,studi - belum fabrikasi
RHS50x100,32,I5-G0,I02,1000,studi - belum fabrikasi
RHS50x100,33,1690078,X03,4849.9999,studi - belum fabrikasi
RHS50x100,33,I5-G1,I02,1000,studi - belum fabrikasi
RHS50x100,34,1690092,X03,4849.9999,studi - belum fabrikasi
RHS50x100,34,1678286,X01,982.0059,studi - belum fabrikasi
RHS50x100,35,1690094,X03,4849.9999,studi - belum fabrikasi
RHS50x100,35,1678362,X01,982.0059,studi - belum fabrikasi
RHS50x100,36,1690104,X03,4849.9999,studi - belum fabrikasi
RHS50x100,36,1678391,X01,982.0059,studi - belum fabrikasi
RHS50x100,37,1690106,X03,4849.9999,studi - belum fabrikasi
RHS50x100,37,1678415,X01,982.0059,studi - belum fabrikasi
RHS50x100,38,1686893,X03,4849.0001,studi - belum fabrikasi
RHS50x100,38,1678427,X01,982.0059,studi - belum fabrikasi
RHS50x100,39,1686900,X03,4849.0001,studi - belum fabrikasi
RHS50x100,39,1678439,X01,982.0059,studi - belum fabrikasi
RHS50x100,40,1686906,X03,4849.0001,studi - belum fabrikasi
RHS50x100,40,1678463,X01,982.0059,studi - belum fabrikasi
RHS50x100,41,1686912,X03,4849.0001,studi - belum fabrikasi
RHS50x100,41,1678475,X01,982.0059,studi - belum fabrikasi
RHS50x100,42,1686918,X03,4849.0001,studi - belum fabrikasi
RHS50x100,42,1678487,X01,982.0059,studi - belum fabrikasi
RHS50x100,43,1690062,X03,4849.0001,studi - belum fabrikasi
RHS50x100,43,1682249,X01,982.0059,studi - belum fabrikasi
RHS50x100,44,1690064,X03,4849.0001,studi - belum fabrikasi
RHS50x100,44,1682271,X01,982.0059,studi - belum fabrikasi
RHS50x100,45,1690074,X03,4849.0001,studi - belum fabrikasi
RHS50x100,45,1682293,X01,982.0059,studi - belum fabrikasi
RHS50x100,46,1690076,X03,4849.0001,studi - belum fabrikasi
RHS50x100,46,1690197,X01,982.0059,studi - belum fabrikasi
RHS50x100,47,1690087,X03,4849.0001,studi - belum fabrikasi
RHS50x100,47,1690235,B01,922.9999,studi - belum fabrikasi
RHS50x100,48,1690100,X03,4849.0001,studi - belum fabrikasi
RHS50x100,48,1690238,B01,922.9999,studi - belum fabrikasi
RHS50x100,49,1690102,X03,4849.0001,studi - belum fabrikasi
RHS50x100,49,1690358,B01,922.9999,studi - belum fabrikasi
RHS50x100,50,1690112,X03,4849.0001,studi - belum fabrikasi
RHS50x100,50,1690361,B01,922.9999,studi - belum fabrikasi
RHS50x100,51,1690114,X03,4849.0001,studi - belum fabrikasi
RHS50x100,51,1690227,B01,874.0,studi - belum fabrikasi
RHS50x100,51,1688004,X05,265.9999,studi - belum fabrikasi
RHS50x100,52,1685454,X02,4754.0,studi - belum fabrikasi
RHS50x100,52,1690230,B01,874.0,studi - belum fabrikasi
RHS50x100,52,1687999,X05,297.9999,studi - belum fabrikasi
RHS50x100,53,1685460,X02,4754.0,studi - belum fabrikasi
RHS50x100,53,1690232,B01,874.0,studi - belum fabrikasi
RHS50x100,53,1688008,X05,297.9999,studi - belum fabrikasi
RHS50x100,54,1685463,X02,4754.0,studi - belum fabrikasi
RHS50x100,54,1690241,B01,874.0,studi - belum fabrikasi
RHS50x100,54,I1-P11,I01,285,studi - belum fabrikasi
RHS50x100,55,1685467,X02,4754.0,studi - belum fabrikasi
RHS50x100,55,1690244,B01,874.0,studi - belum fabrikasi
RHS50x100,55,1688011,X05,265.9999,studi - belum fabrikasi
RHS50x100,56,1685469,X02,4754.0,studi - belum fabrikasi
RHS50x100,56,1690246,B01,874.0,studi - belum fabrikasi
RHS50x100,56,1685576S0,B02,260.7,studi - belum fabrikasi
RHS50x100,57,1685473,X02,4754.0,studi - belum fabrikasi
RHS50x100,57,1690249,B01,874.0,studi - belum fabrikasi
RHS50x100,57,1685576S1,B02,260.7,studi - belum fabrikasi
RHS50x100,58,1685484,X02,4754.0,studi - belum fabrikasi
RHS50x100,58,1690252,B01,874.0,studi - belum fabrikasi
RHS50x100,58,1685644S0,B02,260.7,studi - belum fabrikasi
RHS50x100,59,1685488,X02,4754.0,studi - belum fabrikasi
RHS50x100,59,1690254,B01,874.0,studi - belum fabrikasi
RHS50x100,59,1685644S1,B02,260.7,studi - belum fabrikasi
RHS50x100,60,1690080,X03,4649.0001,studi - belum fabrikasi
RHS50x100,60,I3-P00,I01,1285,studi - belum fabrikasi
RHS50x100,61,1690089,X03,4649.0001,studi - belum fabrikasi
RHS50x100,61,I3-P01,I01,1285,studi - belum fabrikasi
RHS50x100,62,1685475,X02,4629.0,studi - belum fabrikasi
RHS50x100,62,I3-P10,I01,1285,studi - belum fabrikasi
RHS50x100,63,1685481,X02,4629.0,studi - belum fabrikasi
RHS50x100,63,I3-P11,I01,1285,studi - belum fabrikasi
RHS50x100,64,1694637,X06,2593.0,studi - belum fabrikasi
RHS50x100,64,1694664,X06,2593.0,studi - belum fabrikasi
RHS50x100,64,I1-J0,I03,800.039,studi - belum fabrikasi
RHS50x100,65,1678295,X01,2481.9876,studi - belum fabrikasi
RHS50x100,65,1678298,X01,2481.9876,studi - belum fabrikasi
RHS50x100,65,1690256,B01,874.0,studi - belum fabrikasi
RHS50x100,66,1678385,X01,2481.9876,studi - belum fabrikasi
RHS50x100,66,1678387,X01,2481.9876,studi - belum fabrikasi
RHS50x100,66,1690258,B01,874.0,studi - belum fabrikasi
RHS50x100,67,1678397,X01,2481.9876,studi - belum fabrikasi
RHS50x100,67,1678399,X01,2481.9876,studi - belum fabrikasi
RHS50x100,67,1690260,B01,874.0,studi - belum fabrikasi
RHS50x100,68,1678411,X01,2481.9876,studi - belum fabrikasi
RHS50x100,68,1678421,X01,2481.9876,studi - belum fabrikasi
RHS50x100,68,1690262,B01,874.0,studi - belum fabrikasi
RHS50x100,69,1678423,X01,2481.9876,studi - belum fabrikasi
RHS50x100,69,1678433,X01,2481.9876,studi - belum fabrikasi
RHS50x100,69,1690264,B01,874.0,studi - belum fabrikasi
RHS50x100,70,1678435,X01,2481.9876,studi - belum fabrikasi
RHS50x100,70,1678445,X01,2481.9876,studi - belum fabrikasi
RHS50x100,70,1690266,B01,874.0,studi - belum fabrikasi
RHS50x100,71,1678447,X01,2481.9876,studi - belum fabrikasi
RHS50x100,71,1678459,X01,2481.9876,studi - belum fabrikasi
RHS50x100,71,1690268,B01,874.0,studi - belum fabrikasi
RHS50x100,72,1678469,X01,2481.9876,studi - belum fabrikasi
RHS50x100,72,1678471,X01,2481.9876,studi - belum fabrikasi
RHS50x100,72,1690270,B01,874.0,studi - belum fabrikasi
RHS50x100,73,1678481,X01,2481.9876,studi - belum fabrikasi
RHS50x100,73,1678483,X01,2481.9876,studi - belum fabrikasi
RHS50x100,73,1690272,B01,874.0,studi - belum fabrikasi
RHS50x100,74,1678493,X01,2481.9876,studi - belum fabrikasi
RHS50x100,74,1678495,X01,2481.9876,studi - belum fabrikasi
RHS50x100,74,1690274,B01,874.0,studi - belum fabrikasi
RHS50x100,75,1682262,X01,2481.9876,studi - belum fabrikasi
RHS50x100,75,1682284,X01,2481.9876,studi - belum fabrikasi
RHS50x100,75,1690276,B01,874.0,studi - belum fabrikasi
RHS50x100,76,1682306,X01,2481.9876,studi - belum fabrikasi
RHS50x100,76,1690209,X01,2481.9876,studi - belum fabrikasi
RHS50x100,76,1690278,B01,874.0,studi - belum fabrikasi
RHS50x100,77,1690213,X01,2481.9876,studi - belum fabrikasi
RHS50x100,77,1690217,X01,2481.9876,studi - belum fabrikasi
RHS50x100,77,1690280,B01,874.0,studi - belum fabrikasi
RHS50x100,78,1690221,X01,2481.9876,studi - belum fabrikasi
RHS50x100,78,1690225,X01,2481.9876,studi - belum fabrikasi
RHS50x100,78,1690282,B01,874.0,studi - belum fabrikasi
RHS50x100,79,1694646,X06,2479.0,studi - belum fabrikasi
RHS50x100,79,1694642,X06,2475.0001,studi - belum fabrikasi
RHS50x100,79,1690284,B01,874.0,studi - belum fabrikasi
RHS50x100,80,1694669,X06,2475.0001,studi - belum fabrikasi
RHS50x100,80,1694628,X06,2443.0,studi - belum fabrikasi
RHS50x100,80,1690286,B01,874.0,studi - belum fabrikasi
RHS50x100,81,1694651,X06,2364.0001,studi - belum fabrikasi
RHS50x100,81,1694633,X06,2330.0,studi - belum fabrikasi
RHS50x100,81,1690288,B01,874.0,studi - belum fabrikasi
RHS50x100,81,1685771S0,B02,260.7,studi - belum fabrikasi
RHS50x100,82,I5-P00,I01,2285,studi - belum fabrikasi
RHS50x100,82,I5-P01,I01,2285,studi - belum fabrikasi
RHS50x100,82,1690290,B01,874.0,studi - belum fabrikasi
RHS50x100,82,1686006S0,B02,460.5879,studi - belum fabrikasi
RHS50x100,83,I5-P10,I01,2285,studi - belum fabrikasi
RHS50x100,83,I5-P11,I01,2285,studi - belum fabrikasi
RHS50x100,83,1690292,B01,874.0,studi - belum fabrikasi
RHS50x100,83,1686006S1,B02,460.5879,studi - belum fabrikasi
RHS50x100,84,1694619,X06,2255.0,studi - belum fabrikasi
RHS50x100,84,1694655,X06,2255.0,studi - belum fabrikasi
RHS50x100,84,1690294,B01,874.0,studi - belum fabrikasi
RHS50x100,84,1685665S0,B02,460.5879,studi - belum fabrikasi
RHS50x100,85,1694624,X06,2157.9998,studi - belum fabrikasi
RHS50x100,85,1694660,X06,2157.9998,studi - belum fabrikasi
RHS50x100,85,1694599,X06,1524.0,studi - belum fabrikasi
RHS50x100,86,1678292,X01,1981.9937,studi - belum fabrikasi
RHS50x100,86,1678383,X01,1981.9937,studi - belum fabrikasi
RHS50x100,86,1678395,X01,1981.9937,studi - belum fabrikasi
RHS50x100,87,1678419,X01,1981.9937,studi - belum fabrikasi
RHS50x100,87,1678431,X01,1981.9937,studi - belum fabrikasi
RHS50x100,87,1678443,X01,1981.9937,studi - belum fabrikasi
RHS50x100,88,1678467,X01,1981.9937,studi - belum fabrikasi
RHS50x100,88,1678479,X01,1981.9937,studi - belum fabrikasi
RHS50x100,88,1678491,X01,1981.9937,studi - belum fabrikasi
RHS50x100,89,1682257,X01,1981.9937,studi - belum fabrikasi
RHS50x100,89,1682279,X01,1981.9937,studi - belum fabrikasi
RHS50x100,89,1682301,X01,1981.9937,studi - belum fabrikasi
RHS50x100,90,1690205,X01,1981.9937,studi - belum fabrikasi
RHS50x100,90,1690386,X06,1929.0,studi - belum fabrikasi
RHS50x100,90,1690396,X06,1929.0,studi - belum fabrikasi
RHS50x100,91,1690391,X06,1927.9999,studi - belum fabrikasi
RHS50x100,91,1690400,X06,1927.9999,studi - belum fabrikasi
RHS50x100,91,I4-P00,I01,1785,studi - belum fabrikasi
RHS50x100,91,1685771S1,B02,260.7,studi - belum fabrikasi
RHS50x100,92,I4-P01,I01,1785,studi - belum fabrikasi
RHS50x100,92,I4-P10,I01,1785,studi - belum fabrikasi
RHS50x100,92,I4-P11,I01,1785,studi - belum fabrikasi
RHS50x100,92,1685665S1,B02,460.5879,studi - belum fabrikasi
RHS50x100,93,1690651,X04,1694.0001,studi - belum fabrikasi
RHS50x100,93,1694607,X06,1524.0,studi - belum fabrikasi
RHS50x100,93,1694611,X06,1524.0,studi - belum fabrikasi
RHS50x100,93,1690296,B01,874.0,studi - belum fabrikasi
RHS50x100,93,1685836S0,B02,260.7,studi - belum fabrikasi
RHS50x100,94,1694615,X06,1524.0,studi - belum fabrikasi
RHS50x100,94,1678289,X01,1481.9998,studi - belum fabrikasi
RHS50x100,94,1678364,X01,1481.9998,studi - belum fabrikasi
RHS50x100,94,1678393,X01,1481.9998,studi - belum fabrikasi
RHS50x100,95,1678417,X01,1481.9998,studi - belum fabrikasi
RHS50x100,95,1678429,X01,1481.9998,studi - belum fabrikasi
RHS50x100,95,1678441,X01,1481.9998,studi - belum fabrikasi
RHS50x100,95,1678465,X01,1481.9998,studi - belum fabrikasi
RHS50x100,96,1678477,X01,1481.9998,studi - belum fabrikasi
RHS50x100,96,1678489,X01,1481.9998,studi - belum fabrikasi
RHS50x100,96,1682253,X01,1481.9998,studi - belum fabrikasi
RHS50x100,96,1682275,X01,1481.9998,studi - belum fabrikasi
RHS50x100,97,1682297,X01,1481.9998,studi - belum fabrikasi
RHS50x100,97,1690201,X01,1481.9998,studi - belum fabrikasi
RHS50x100,97,1690298,B01,874.0,studi - belum fabrikasi
RHS50x100,97,1690300,B01,874.0,studi - belum fabrikasi
RHS50x100,97,1690302,B01,874.0,studi - belum fabrikasi
RHS50x100,97,1685836S1,B02,260.7,studi - belum fabrikasi
RHS50x100,98,1690304,B01,874.0,studi - belum fabrikasi
RHS50x100,98,1690306,B01,874.0,studi - belum fabrikasi
RHS50x100,98,1690308,B01,874.0,studi - belum fabrikasi
RHS50x100,98,1690310,B01,874.0,studi - belum fabrikasi
RHS50x100,98,1690312,B01,874.0,studi - belum fabrikasi
RHS50x100,98,1690314,B01,874.0,studi - belum fabrikasi
RHS50x100,98,1685854S0,B02,460.5879,studi - belum fabrikasi
RHS50x100,98,1685960S0,B02,260.7,studi - belum fabrikasi
RHS50x100,99,1690316,B01,874.0,studi - belum fabrikasi
RHS50x100,99,1690318,B01,874.0,studi - belum fabrikasi
RHS50x100,99,1690320,B01,874.0,studi - belum fabrikasi
RHS50x100,99,1690322,B01,874.0,studi - belum fabrikasi
RHS50x100,99,1690324,B01,874.0,studi - belum fabrikasi
RHS50x100,99,1690326,B01,874.0,studi - belum fabrikasi
RHS50x100,99,1685854S1,B02,460.5879,studi - belum fabrikasi
RHS50x100,99,1685960S1,B02,260.7,studi - belum fabrikasi
RHS50x100,100,1690328,B01,874.0,studi - belum fabrikasi
RHS50x100,100,1690330,B01,874.0,studi - belum fabrikasi
RHS50x100,100,1690332,B01,874.0,studi - belum fabrikasi
RHS50x100,100,1690334,B01,874.0,studi - belum fabrikasi
RHS50x100,100,1690336,B01,874.0,studi - belum fabrikasi
RHS50x100,100,1690338,B01,874.0,studi - belum fabrikasi
RHS50x100,100,1686043S0,B02,460.5879,studi - belum fabrikasi
RHS50x100,100,1685988S0,B02,260.7,studi - belum fabrikasi
RHS50x100,101,1690340,B01,874.0,studi - belum fabrikasi
RHS50x100,101,1690342,B01,874.0,studi - belum fabrikasi
RHS50x100,101,1690344,B01,874.0,studi - belum fabrikasi
RHS50x100,101,1690346,B01,874.0,studi - belum fabrikasi
RHS50x100,101,1690348,B01,874.0,studi - belum fabrikasi
RHS50x100,101,1690350,B01,874.0,studi - belum fabrikasi
RHS50x100,101,1686043S1,B02,460.5879,studi - belum fabrikasi
RHS50x100,101,1685988S1,B02,260.7,studi - belum fabrikasi
RHS50x100,102,1690352,B01,874.0,studi - belum fabrikasi
RHS50x100,102,1690354,B01,874.0,studi - belum fabrikasi
RHS50x100,102,1690356,B01,874.0,studi - belum fabrikasi
RHS50x100,102,1690364,B01,874.0,studi - belum fabrikasi
RHS50x100,102,I1-J1,I03,800.039,studi - belum fabrikasi
RHS50x100,102,I1-J2,I03,800.039,studi - belum fabrikasi
RHS50x100,102,I1-J3,I03,800.039,studi - belum fabrikasi
RHS50x100,103,I1-J4,I03,800.039,studi - belum fabrikasi
RHS50x100,103,I2-J0,I03,800.039,studi - belum fabrikasi
RHS50x100,103,I2-J1,I03,800.039,studi - belum fabrikasi
RHS50x100,103,I2-J2,I03,800.039,studi - belum fabrikasi
RHS50x100,103,I2-J3,I03,800.039,studi - belum fabrikasi
RHS50x100,103,I2-J4,I03,800.039,studi - belum fabrikasi
RHS50x100,103,I3-J0,I03,800.039,studi - belum fabrikasi
RHS50x100,103,1686025S0,B02,260.7,studi - belum fabrikasi
RHS50x100,104,I3-J1,I03,800.039,studi - belum fabrikasi
RHS50x100,104,I3-J2,I03,800.039,studi - belum fabrikasi
RHS50x100,104,I3-J3,I03,800.039,studi - belum fabrikasi
RHS50x100,104,I4-J1,I03,800.039,studi - belum fabrikasi
RHS50x100,104,I4-J2,I03,800.039,studi - belum fabrikasi
RHS50x100,104,I4-J3,I03,800.039,studi - belum fabrikasi
RHS50x100,104,I4-J4,I03,800.039,studi - belum fabrikasi
RHS50x100,104,1686025S1,B02,260.7,studi - belum fabrikasi
RHS50x100,105,I4-J5,I03,800.039,studi - belum fabrikasi
RHS50x100,105,I5-J0,I03,800.039,studi - belum fabrikasi
RHS50x100,105,I5-J1,I03,800.039,studi - belum fabrikasi
RHS50x100,105,I5-J2,I03,800.039,studi - belum fabrikasi
RHS50x100,105,I5-J3,I03,800.039,studi - belum fabrikasi
RHS50x100,105,I5-J4,I03,800.039,studi - belum fabrikasi
RHS50x100,105,I2-P00,I01,785,studi - belum fabrikasi
RHS50x100,105,1686494-R08-1S0,B02,260.7,studi - belum fabrikasi
RHS50x100,106,I2-P01,I01,785,studi - belum fabrikasi
RHS50x100,106,I2-P10,I01,785,studi - belum fabrikasi
RHS50x100,106,I2-P11,I01,785,studi - belum fabrikasi
RHS50x100,106,1685545S0,B02,460.5878,studi - belum fabrikasi
RHS50x100,106,1685545S1,B02,460.5878,studi - belum fabrikasi
RHS50x100,106,1685743S0,B02,460.5878,studi - belum fabrikasi
RHS50x100,106,1685743S1,B02,460.5878,studi - belum fabrikasi
RHS50x100,106,1685932S0,B02,460.5878,studi - belum fabrikasi
RHS50x100,106,1685932S1,B02,460.5878,studi - belum fabrikasi
RHS50x100,106,1685969S0,B02,460.5878,studi - belum fabrikasi
RHS50x100,106,1686494-R08-1S1,B02,260.7,studi - belum fabrikasi
RHS50x100,107,1685969S1,B02,460.5878,studi - belum fabrikasi
RHS50x100,107,1686482-R08-1S0,B02,460.5878,studi - belum fabrikasi
RHS50x100,107,1686482-R08-1S1,B02,460.5878,studi - belum fabrikasi
RHS50x100,107,1686482-R08-2S0,B02,460.5878,studi - belum fabrikasi
RHS50x100,107,1686482-R08-2S1,B02,460.5878,studi - belum fabrikasi
RHS50x100,107,1686494-R08-2S0,B02,260.7,studi - belum fabrikasi
RHS50x100,107,1686494-R08-2S1,B02,260.7,studi - belum fabrikasi
RHS50x100,107,1685524S0,B02,260.7,studi - belum fabrikasi
RHS50x100,107,1685524S1,B02,260.7,studi - belum fabrikasi
RHS50x100,107,1685725S0,B02,260.7,studi - belum fabrikasi
RHS50x100,107,1685725S1,B02,260.7,studi - belum fabrikasi
RHS50x100,107,1685914S0,B02,260.7,studi - belum fabrikasi
RHS50x100,107,1685914S1,B02,260.7,studi - belum fabrikasi
RHS50x100,107,1685492S0,B02,260.7,studi - belum fabrikasi
RHS50x100,107,1685492S1,B02,260.7,studi - belum fabrikasi
RHS50x100,107,1685684S0,B02,260.7,studi - belum fabrikasi
RHS50x100,107,1685684S1,B02,260.7,studi - belum fabrikasi
RHS50x100,107,1685873S0,B02,260.7,studi - belum fabrikasi
RHS50x100,108,1685873S1,B02,260.7,studi - belum fabrikasi
RHS50x100,108,1685502S0,B02,260.7,studi - belum fabrikasi
RHS50x100,108,1685502S1,B02,260.7,studi - belum fabrikasi
RHS50x100,108,1685697S0,B02,260.7,studi - belum fabrikasi
RHS50x100,108,1685697S1,B02,260.7,studi - belum fabrikasi
RHS50x100,108,1685886S0,B02,260.7,studi - belum fabrikasi
RHS50x100,108,1685886S1,B02,260.7,studi - belum fabrikasi
RHS50x100,108,1685536S0,B02,260.7,studi - belum fabrikasi
RHS50x100,108,1685536S1,B02,260.7,studi - belum fabrikasi
RHS50x100,108,1685564S0,B02,260.7,studi - belum fabrikasi
RHS50x100,108,1685564S1,B02,260.7,studi - belum fabrikasi
RHS50x100,108,1685616S0,B02,260.7,studi - belum fabrikasi
RHS50x100,108,1685616S1,B02,260.7,studi - belum fabrikasi
RHS50x100,108,1685656S0,B02,260.7,studi - belum fabrikasi
RHS50x100,108,1685656S1,B02,260.7,studi - belum fabrikasi
RHS50x100,108,1685734S0,B02,260.7,studi - belum fabrikasi
RHS50x100,108,1685734S1,B02,260.7,studi - belum fabrikasi
RHS50x100,108,1685762S0,B02,260.7,studi - belum fabrikasi
RHS50x100,108,1685762S1,B02,260.7,studi - belum fabrikasi
RHS50x100,108,1685808S0,B02,260.7,studi - belum fabrikasi
RHS50x100,108,1685808S1,B02,260.7,studi - belum fabrikasi
RHS50x100,108,1685845S0,B02,260.7,studi - belum fabrikasi
RHS50x100,109,1685845S1,B02,260.7,studi - belum fabrikasi
RHS50x100,109,1685923S0,B02,260.7,studi - belum fabrikasi
RHS50x100,109,1685923S1,B02,260.7,studi - belum fabrikasi
RHS50x100,109,1685951S0,B02,260.7,studi - belum fabrikasi
RHS50x100,109,1685951S1,B02,260.7,studi - belum fabrikasi
RHS50x100,109,1685997S0,B02,260.7,studi - belum fabrikasi
RHS50x100,109,1685997S1,B02,260.7,studi - belum fabrikasi
RHS50x100,109,1686034S0,B02,260.7,studi - belum fabrikasi
RHS50x100,109,1686034S1,B02,260.7,studi - belum fabrikasi
SHS40x40-tangga-mesh,1,C2-SL4-1-01-P1-M00F0,M02,781.851,studi - belum fabrikasi
SHS40x40-tangga-mesh,1,C2-SL4-1-01-P1-M00F1,M02,781.851,studi - belum fabrikasi
SHS40x40-tangga-mesh,1,C2-SL4-1-01-P1-M01F0,M02,781.851,studi - belum fabrikasi
SHS40x40-tangga-mesh,1,C2-SL4-1-01-P1-M01F1,M02,781.851,studi - belum fabrikasi
SHS40x40-tangga-mesh,1,C2-SL4-2-01-P1-M00F0,M02,781.851,studi - belum fabrikasi
SHS40x40-tangga-mesh,1,C2-SL4-2-01-P1-M00F1,M02,781.851,studi - belum fabrikasi
SHS40x40-tangga-mesh,1,C2-SL4-2-01-P1-M01F0,M02,781.851,studi - belum fabrikasi
SHS40x40-tangga-mesh,1,C2-SL1-1-01-P1-M00F0,M02,500.0,studi - belum fabrikasi
SHS40x40-tangga-mesh,2,C2-SL4-2-01-P1-M01F1,M02,781.851,studi - belum fabrikasi
SHS40x40-tangga-mesh,2,C2-SR4-1-01-P1-M00F0,M02,781.851,studi - belum fabrikasi
SHS40x40-tangga-mesh,2,C2-SR4-1-01-P1-M00F1,M02,781.851,studi - belum fabrikasi
SHS40x40-tangga-mesh,2,C2-SR4-1-01-P1-M01F0,M02,781.851,studi - belum fabrikasi
SHS40x40-tangga-mesh,2,C2-SR4-1-01-P1-M01F1,M02,781.851,studi - belum fabrikasi
SHS40x40-tangga-mesh,2,C2-SR4-2-01-P1-M00F0,M02,781.851,studi - belum fabrikasi
SHS40x40-tangga-mesh,2,C2-SR4-2-01-P1-M00F1,M02,781.851,studi - belum fabrikasi
SHS40x40-tangga-mesh,2,C2-SL1-1-01-P1-M00F1,M02,500.0,studi - belum fabrikasi
SHS40x40-tangga-mesh,3,C2-SR4-2-01-P1-M01F0,M02,781.851,studi - belum fabrikasi
SHS40x40-tangga-mesh,3,C2-SR4-2-01-P1-M01F1,M02,781.851,studi - belum fabrikasi
SHS40x40-tangga-mesh,3,C2-SL3-1-01-P1-M00F0,M02,712.155,studi - belum fabrikasi
SHS40x40-tangga-mesh,3,C2-SL3-1-01-P1-M00F1,M02,712.155,studi - belum fabrikasi
SHS40x40-tangga-mesh,3,C2-SL3-2-01-P1-M00F0,M02,712.155,studi - belum fabrikasi
SHS40x40-tangga-mesh,3,C2-SL3-2-01-P1-M00F1,M02,712.155,studi - belum fabrikasi
SHS40x40-tangga-mesh,3,C2-SR3-1-01-P1-M00F0,M02,712.155,studi - belum fabrikasi
SHS40x40-tangga-mesh,3,C2-SR3-1-01-P1-M00F1,M02,712.155,studi - belum fabrikasi
SHS40x40-tangga-mesh,4,C2-SR3-2-01-P1-M00F0,M02,712.155,studi - belum fabrikasi
SHS40x40-tangga-mesh,4,C2-SR3-2-01-P1-M00F1,M02,712.155,studi - belum fabrikasi
SHS40x40-tangga-mesh,4,C2-SL3-1-01-P1-M00F2,M02,690.0,studi - belum fabrikasi
SHS40x40-tangga-mesh,4,C2-SL3-1-01-P1-M00F3,M02,690.0,studi - belum fabrikasi
SHS40x40-tangga-mesh,4,C2-SL3-2-01-P1-M00F2,M02,690.0,studi - belum fabrikasi
SHS40x40-tangga-mesh,4,C2-SL3-2-01-P1-M00F3,M02,690.0,studi - belum fabrikasi
SHS40x40-tangga-mesh,4,C2-SR3-1-01-P1-M00F2,M02,690.0,studi - belum fabrikasi
SHS40x40-tangga-mesh,4,C2-SR3-1-01-P1-M00F3,M02,690.0,studi - belum fabrikasi
SHS40x40-tangga-mesh,4,C2-SL5-3-01-P1-M00F2,M02,343.3333,studi - belum fabrikasi
SHS40x40-tangga-mesh,5,C2-SR3-2-01-P1-M00F2,M02,690.0,studi - belum fabrikasi
SHS40x40-tangga-mesh,5,C2-SR3-2-01-P1-M00F3,M02,690.0,studi - belum fabrikasi
SHS40x40-tangga-mesh,5,1685492C0,B03,599.9988,studi - belum fabrikasi
SHS40x40-tangga-mesh,5,1685492C1,B03,599.9988,studi - belum fabrikasi
SHS40x40-tangga-mesh,5,1685492C2,B03,599.9988,studi - belum fabrikasi
SHS40x40-tangga-mesh,5,1685502C0,B03,599.9988,studi - belum fabrikasi
SHS40x40-tangga-mesh,5,1685502C1,B03,599.9988,studi - belum fabrikasi
SHS40x40-tangga-mesh,5,1685502C2,B03,599.9988,studi - belum fabrikasi
SHS40x40-tangga-mesh,5,1685510C0,B03,599.9988,studi - belum fabrikasi
SHS40x40-tangga-mesh,5,C2-SL5-3-01-P1-M00F3,M02,343.3333,studi - belum fabrikasi
SHS40x40-tangga-mesh,6,1685510C1,B03,599.9988,studi - belum fabrikasi
SHS40x40-tangga-mesh,6,1685510C2,B03,599.9988,studi - belum fabrikasi
SHS40x40-tangga-mesh,6,1685510C3,B03,599.9988,studi - belum fabrikasi
SHS40x40-tangga-mesh,6,1685510C4,B03,599.9988,studi - belum fabrikasi
SHS40x40-tangga-mesh,6,1685524C0,B03,599.9988,studi - belum fabrikasi
SHS40x40-tangga-mesh,6,1685524C1,B03,599.9988,studi - belum fabrikasi
SHS40x40-tangga-mesh,6,1685524C2,B03,599.9988,studi - belum fabrikasi
SHS40x40-tangga-mesh,6,1685536C0,B03,599.9988,studi - belum fabrikasi
SHS40x40-tangga-mesh,6,1685536C1,B03,599.9988,studi - belum fabrikasi
SHS40x40-tangga-mesh,6,C2-SL5-1-01-P1-M00F0,M02,513.5,studi - belum fabrikasi
SHS40x40-tangga-mesh,7,1685536C2,B03,599.9988,studi - belum fabrikasi
SHS40x40-tangga-mesh,7,1685545C0,B03,599.9988,studi - belum fabrikasi
SHS40x40-tangga-mesh,7,1685545C1,B03,599.9988,studi - belum fabrikasi
SHS40x40-tangga-mesh,7,1685545C2,B03,599.9988,studi - belum fabrikasi
SHS40x40-tangga-mesh,7,1685545C3,B03,599.9988,studi - belum fabrikasi
SHS40x40-tangga-mesh,7,1685545C4,B03,599.9988,studi - belum fabrikasi
SHS40x40-tangga-mesh,7,1685564C0,B03,599.9988,studi - belum fabrikasi
SHS40x40-tangga-mesh,7,1685564C1,B03,599.9988,studi - belum fabrikasi
SHS40x40-tangga-mesh,7,1685564C2,B03,599.9988,studi - belum fabrikasi
SHS40x40-tangga-mesh,7,C2-SL5-1-01-P1-M00F1,M02,513.5,studi - belum fabrikasi
SHS40x40-tangga-mesh,8,1685576C0,B03,599.9988,studi - belum fabrikasi
SHS40x40-tangga-mesh,8,1685576C1,B03,599.9988,studi - belum fabrikasi
SHS40x40-tangga-mesh,8,1685576C2,B03,599.9988,studi - belum fabrikasi
SHS40x40-tangga-mesh,8,1685616C0,B03,599.9988,studi - belum fabrikasi
SHS40x40-tangga-mesh,8,1685616C1,B03,599.9988,studi - belum fabrikasi
SHS40x40-tangga-mesh,8,1685616C2,B03,599.9988,studi - belum fabrikasi
SHS40x40-tangga-mesh,8,1685625C0,B03,599.9988,studi - belum fabrikasi
SHS40x40-tangga-mesh,8,1685625C1,B03,599.9988,studi - belum fabrikasi
SHS40x40-tangga-mesh,8,1685625C2,B03,599.9988,studi - belum fabrikasi
SHS40x40-tangga-mesh,8,C2-SL5-1-01-P1-M01F0,M02,513.5,studi - belum fabrikasi
SHS40x40-tangga-mesh,9,1685625C3,B03,599.9988,studi - belum fabrikasi
SHS40x40-tangga-mesh,9,1685625C4,B03,599.9988,studi - belum fabrikasi
SHS40x40-tangga-mesh,9,1685644C0,B03,599.9988,studi - belum fabrikasi
SHS40x40-tangga-mesh,9,1685644C1,B03,599.9988,studi - belum fabrikasi
SHS40x40-tangga-mesh,9,1685644C2,B03,599.9988,studi - belum fabrikasi
SHS40x40-tangga-mesh,9,1685656C0,B03,599.9988,studi - belum fabrikasi
SHS40x40-tangga-mesh,9,1685656C1,B03,599.9988,studi - belum fabrikasi
SHS40x40-tangga-mesh,9,1685656C2,B03,599.9988,studi - belum fabrikasi
SHS40x40-tangga-mesh,9,1685665C0,B03,599.9988,studi - belum fabrikasi
SHS40x40-tangga-mesh,9,C2-SL5-1-01-P1-M01F1,M02,513.5,studi - belum fabrikasi
SHS40x40-tangga-mesh,10,1685665C1,B03,599.9988,studi - belum fabrikasi
SHS40x40-tangga-mesh,10,1685665C2,B03,599.9988,studi - belum fabrikasi
SHS40x40-tangga-mesh,10,1685665C3,B03,599.9988,studi - belum fabrikasi
SHS40x40-tangga-mesh,10,1685665C4,B03,599.9988,studi - belum fabrikasi
SHS40x40-tangga-mesh,10,1685684C0,B03,599.9988,studi - belum fabrikasi
SHS40x40-tangga-mesh,10,1685684C1,B03,599.9988,studi - belum fabrikasi
SHS40x40-tangga-mesh,10,1685684C2,B03,599.9988,studi - belum fabrikasi
SHS40x40-tangga-mesh,10,1685697C0,B03,599.9988,studi - belum fabrikasi
SHS40x40-tangga-mesh,10,1685697C1,B03,599.9988,studi - belum fabrikasi
SHS40x40-tangga-mesh,10,C2-SL5-1-01-P1-M10F0,M02,513.5,studi - belum fabrikasi
SHS40x40-tangga-mesh,11,1685697C2,B03,599.9988,studi - belum fabrikasi
SHS40x40-tangga-mesh,11,1685706C0,B03,599.9988,studi - belum fabrikasi
SHS40x40-tangga-mesh,11,1685706C1,B03,599.9988,studi - belum fabrikasi
SHS40x40-tangga-mesh,11,1685706C2,B03,599.9988,studi - belum fabrikasi
SHS40x40-tangga-mesh,11,1685706C3,B03,599.9988,studi - belum fabrikasi
SHS40x40-tangga-mesh,11,1685706C4,B03,599.9988,studi - belum fabrikasi
SHS40x40-tangga-mesh,11,1685725C0,B03,599.9988,studi - belum fabrikasi
SHS40x40-tangga-mesh,11,1685725C1,B03,599.9988,studi - belum fabrikasi
SHS40x40-tangga-mesh,11,1685725C2,B03,599.9988,studi - belum fabrikasi
SHS40x40-tangga-mesh,11,C2-SL5-1-01-P1-M10F1,M02,513.5,studi - belum fabrikasi
SHS40x40-tangga-mesh,12,1685734C0,B03,599.9988,studi - belum fabrikasi
SHS40x40-tangga-mesh,12,1685734C1,B03,599.9988,studi - belum fabrikasi
SHS40x40-tangga-mesh,12,1685734C2,B03,599.9988,studi - belum fabrikasi
SHS40x40-tangga-mesh,12,1685743C0,B03,599.9988,studi - belum fabrikasi
SHS40x40-tangga-mesh,12,1685743C1,B03,599.9988,studi - belum fabrikasi
SHS40x40-tangga-mesh,12,1685743C2,B03,599.9988,studi - belum fabrikasi
SHS40x40-tangga-mesh,12,1685743C3,B03,599.9988,studi - belum fabrikasi
SHS40x40-tangga-mesh,12,1685743C4,B03,599.9988,studi - belum fabrikasi
SHS40x40-tangga-mesh,12,1685762C0,B03,599.9988,studi - belum fabrikasi
SHS40x40-tangga-mesh,12,C2-SL5-1-01-P1-M11F0,M02,513.5,studi - belum fabrikasi
SHS40x40-tangga-mesh,13,1685762C1,B03,599.9988,studi - belum fabrikasi
SHS40x40-tangga-mesh,13,1685762C2,B03,599.9988,studi - belum fabrikasi
SHS40x40-tangga-mesh,13,1685771C0,B03,599.9988,studi - belum fabrikasi
SHS40x40-tangga-mesh,13,1685771C1,B03,599.9988,studi - belum fabrikasi
SHS40x40-tangga-mesh,13,1685771C2,B03,599.9988,studi - belum fabrikasi
SHS40x40-tangga-mesh,13,1685808C0,B03,599.9988,studi - belum fabrikasi
SHS40x40-tangga-mesh,13,1685808C1,B03,599.9988,studi - belum fabrikasi
SHS40x40-tangga-mesh,13,1685808C2,B03,599.9988,studi - belum fabrikasi
SHS40x40-tangga-mesh,13,1685817C0,B03,599.9988,studi - belum fabrikasi
SHS40x40-tangga-mesh,13,C2-SL5-1-01-P1-M11F1,M02,513.5,studi - belum fabrikasi
SHS40x40-tangga-mesh,14,1685817C1,B03,599.9988,studi - belum fabrikasi
SHS40x40-tangga-mesh,14,1685817C2,B03,599.9988,studi - belum fabrikasi
SHS40x40-tangga-mesh,14,1685817C3,B03,599.9988,studi - belum fabrikasi
SHS40x40-tangga-mesh,14,1685817C4,B03,599.9988,studi - belum fabrikasi
SHS40x40-tangga-mesh,14,1685836C0,B03,599.9988,studi - belum fabrikasi
SHS40x40-tangga-mesh,14,1685836C1,B03,599.9988,studi - belum fabrikasi
SHS40x40-tangga-mesh,14,1685836C2,B03,599.9988,studi - belum fabrikasi
SHS40x40-tangga-mesh,14,1685845C0,B03,599.9988,studi - belum fabrikasi
SHS40x40-tangga-mesh,14,1685845C1,B03,599.9988,studi - belum fabrikasi
SHS40x40-tangga-mesh,14,C2-SL5-2-01-P1-M00F0,M02,513.5,studi - belum fabrikasi
SHS40x40-tangga-mesh,15,1685845C2,B03,599.9988,studi - belum fabrikasi
SHS40x40-tangga-mesh,15,1685854C0,B03,599.9988,studi - belum fabrikasi
SHS40x40-tangga-mesh,15,1685854C1,B03,599.9988,studi - belum fabrikasi
SHS40x40-tangga-mesh,15,1685854C2,B03,599.9988,studi - belum fabrikasi
SHS40x40-tangga-mesh,15,1685854C3,B03,599.9988,studi - belum fabrikasi
SHS40x40-tangga-mesh,15,1685854C4,B03,599.9988,studi - belum fabrikasi
SHS40x40-tangga-mesh,15,1686482-R08-1C0,B03,599.9988,studi - belum fabrikasi
SHS40x40-tangga-mesh,15,1686482-R08-1C1,B03,599.9988,studi - belum fabrikasi
SHS40x40-tangga-mesh,15,1686482-R08-1C2,B03,599.9988,studi - belum fabrikasi
SHS40x40-tangga-mesh,15,C2-SL5-2-01-P1-M00F1,M02,513.5,studi - belum fabrikasi
SHS40x40-tangga-mesh,16,1686482-R08-1C3,B03,599.9988,studi - belum fabrikasi
SHS40x40-tangga-mesh,16,1686482-R08-1C4,B03,599.9988,studi - belum fabrikasi
SHS40x40-tangga-mesh,16,1686482-R08-2C0,B03,599.9988,studi - belum fabrikasi
SHS40x40-tangga-mesh,16,1686482-R08-2C1,B03,599.9988,studi - belum fabrikasi
SHS40x40-tangga-mesh,16,1686482-R08-2C2,B03,599.9988,studi - belum fabrikasi
SHS40x40-tangga-mesh,16,1686482-R08-2C3,B03,599.9988,studi - belum fabrikasi
SHS40x40-tangga-mesh,16,1686482-R08-2C4,B03,599.9988,studi - belum fabrikasi
SHS40x40-tangga-mesh,16,1686494-R08-1C0,B03,599.9988,studi - belum fabrikasi
SHS40x40-tangga-mesh,16,1686494-R08-1C1,B03,599.9988,studi - belum fabrikasi
SHS40x40-tangga-mesh,16,C2-SL5-2-01-P1-M01F0,M02,513.5,studi - belum fabrikasi
SHS40x40-tangga-mesh,17,1686494-R08-1C2,B03,599.9988,studi - belum fabrikasi
SHS40x40-tangga-mesh,17,1686494-R08-2C0,B03,599.9988,studi - belum fabrikasi
SHS40x40-tangga-mesh,17,1686494-R08-2C1,B03,599.9988,studi - belum fabrikasi
SHS40x40-tangga-mesh,17,1686494-R08-2C2,B03,599.9988,studi - belum fabrikasi
SHS40x40-tangga-mesh,17,1685873C0,B03,599.9988,studi - belum fabrikasi
SHS40x40-tangga-mesh,17,1685873C1,B03,599.9988,studi - belum fabrikasi
SHS40x40-tangga-mesh,17,1685873C2,B03,599.9988,studi - belum fabrikasi
SHS40x40-tangga-mesh,17,1685886C0,B03,599.9988,studi - belum fabrikasi
SHS40x40-tangga-mesh,17,1685886C1,B03,599.9988,studi - belum fabrikasi
SHS40x40-tangga-mesh,17,C2-SL5-2-01-P1-M01F1,M02,513.5,studi - belum fabrikasi
SHS40x40-tangga-mesh,18,1685886C2,B03,599.9988,studi - belum fabrikasi
SHS40x40-tangga-mesh,18,1685895C0,B03,599.9988,studi - belum fabrikasi
SHS40x40-tangga-mesh,18,1685895C1,B03,599.9988,studi - belum fabrikasi
SHS40x40-tangga-mesh,18,1685895C2,B03,599.9988,studi - belum fabrikasi
SHS40x40-tangga-mesh,18,1685895C3,B03,599.9988,studi - belum fabrikasi
SHS40x40-tangga-mesh,18,1685895C4,B03,599.9988,studi - belum fabrikasi
SHS40x40-tangga-mesh,18,1685914C0,B03,599.9988,studi - belum fabrikasi
SHS40x40-tangga-mesh,18,1685914C1,B03,599.9988,studi - belum fabrikasi
SHS40x40-tangga-mesh,18,1685914C2,B03,599.9988,studi - belum fabrikasi
SHS40x40-tangga-mesh,18,C2-SL5-2-01-P1-M10F0,M02,513.5,studi - belum fabrikasi
SHS40x40-tangga-mesh,19,1685923C0,B03,599.9988,studi - belum fabrikasi
SHS40x40-tangga-mesh,19,1685923C1,B03,599.9988,studi - belum fabrikasi
SHS40x40-tangga-mesh,19,1685923C2,B03,599.9988,studi - belum fabrikasi
SHS40x40-tangga-mesh,19,1685932C0,B03,599.9988,studi - belum fabrikasi
SHS40x40-tangga-mesh,19,1685932C1,B03,599.9988,studi - belum fabrikasi
SHS40x40-tangga-mesh,19,1685932C2,B03,599.9988,studi - belum fabrikasi
SHS40x40-tangga-mesh,19,1685932C3,B03,599.9988,studi - belum fabrikasi
SHS40x40-tangga-mesh,19,1685932C4,B03,599.9988,studi - belum fabrikasi
SHS40x40-tangga-mesh,19,1685951C0,B03,599.9988,studi - belum fabrikasi
SHS40x40-tangga-mesh,19,C2-SL5-2-01-P1-M10F1,M02,513.5,studi - belum fabrikasi
SHS40x40-tangga-mesh,20,1685951C1,B03,599.9988,studi - belum fabrikasi
SHS40x40-tangga-mesh,20,1685951C2,B03,599.9988,studi - belum fabrikasi
SHS40x40-tangga-mesh,20,1685960C0,B03,599.9988,studi - belum fabrikasi
SHS40x40-tangga-mesh,20,1685960C1,B03,599.9988,studi - belum fabrikasi
SHS40x40-tangga-mesh,20,1685960C2,B03,599.9988,studi - belum fabrikasi
SHS40x40-tangga-mesh,20,1685969C0,B03,599.9988,studi - belum fabrikasi
SHS40x40-tangga-mesh,20,1685969C1,B03,599.9988,studi - belum fabrikasi
SHS40x40-tangga-mesh,20,1685969C2,B03,599.9988,studi - belum fabrikasi
SHS40x40-tangga-mesh,20,1685969C3,B03,599.9988,studi - belum fabrikasi
SHS40x40-tangga-mesh,20,C2-SL5-2-01-P1-M11F0,M02,513.5,studi - belum fabrikasi
SHS40x40-tangga-mesh,21,1685969C4,B03,599.9988,studi - belum fabrikasi
SHS40x40-tangga-mesh,21,1685988C0,B03,599.9988,studi - belum fabrikasi
SHS40x40-tangga-mesh,21,1685988C1,B03,599.9988,studi - belum fabrikasi
SHS40x40-tangga-mesh,21,1685988C2,B03,599.9988,studi - belum fabrikasi
SHS40x40-tangga-mesh,21,1685997C0,B03,599.9988,studi - belum fabrikasi
SHS40x40-tangga-mesh,21,1685997C1,B03,599.9988,studi - belum fabrikasi
SHS40x40-tangga-mesh,21,1685997C2,B03,599.9988,studi - belum fabrikasi
SHS40x40-tangga-mesh,21,1686006C0,B03,599.9988,studi - belum fabrikasi
SHS40x40-tangga-mesh,21,1686006C1,B03,599.9988,studi - belum fabrikasi
SHS40x40-tangga-mesh,21,C2-SL5-2-01-P1-M11F1,M02,513.5,studi - belum fabrikasi
SHS40x40-tangga-mesh,22,1686006C2,B03,599.9988,studi - belum fabrikasi
SHS40x40-tangga-mesh,22,1686006C3,B03,599.9988,studi - belum fabrikasi
SHS40x40-tangga-mesh,22,1686006C4,B03,599.9988,studi - belum fabrikasi
SHS40x40-tangga-mesh,22,1686025C0,B03,599.9988,studi - belum fabrikasi
SHS40x40-tangga-mesh,22,1686025C1,B03,599.9988,studi - belum fabrikasi
SHS40x40-tangga-mesh,22,1686025C2,B03,599.9988,studi - belum fabrikasi
SHS40x40-tangga-mesh,22,1686034C0,B03,599.9988,studi - belum fabrikasi
SHS40x40-tangga-mesh,22,1686034C1,B03,599.9988,studi - belum fabrikasi
SHS40x40-tangga-mesh,22,1686034C2,B03,599.9988,studi - belum fabrikasi
SHS40x40-tangga-mesh,22,C2-SL5-3-01-P1-M00F0,M02,513.5,studi - belum fabrikasi
SHS40x40-tangga-mesh,23,1686043C0,B03,599.9988,studi - belum fabrikasi
SHS40x40-tangga-mesh,23,1686043C1,B03,599.9988,studi - belum fabrikasi
SHS40x40-tangga-mesh,23,1686043C2,B03,599.9988,studi - belum fabrikasi
SHS40x40-tangga-mesh,23,1686043C3,B03,599.9988,studi - belum fabrikasi
SHS40x40-tangga-mesh,23,1686043C4,B03,599.9988,studi - belum fabrikasi
SHS40x40-tangga-mesh,23,C2-SL5-3-01-P1-M00F1,M02,513.5,studi - belum fabrikasi
SHS40x40-tangga-mesh,23,C2-SL5-3-01-P1-M01F0,M02,513.5,studi - belum fabrikasi
SHS40x40-tangga-mesh,23,C2-SL5-3-01-P1-M01F1,M02,513.5,studi - belum fabrikasi
SHS40x40-tangga-mesh,23,C2-SL5-3-01-P1-M10F0,M02,513.5,studi - belum fabrikasi
SHS40x40-tangga-mesh,23,C2-SL5-3-01-P1-M10F1,M02,513.5,studi - belum fabrikasi
SHS40x40-tangga-mesh,23,C2-SL5-3-01-P1-M01F2,M02,343.3333,studi - belum fabrikasi
SHS40x40-tangga-mesh,24,C2-SL5-3-01-P1-M11F0,M02,513.5,studi - belum fabrikasi
SHS40x40-tangga-mesh,24,C2-SL5-3-01-P1-M11F1,M02,513.5,studi - belum fabrikasi
SHS40x40-tangga-mesh,24,C2-SR5-1-01-P1-M00F0,M02,513.5,studi - belum fabrikasi
SHS40x40-tangga-mesh,24,C2-SR5-1-01-P1-M00F1,M02,513.5,studi - belum fabrikasi
SHS40x40-tangga-mesh,24,C2-SR5-1-01-P1-M01F0,M02,513.5,studi - belum fabrikasi
SHS40x40-tangga-mesh,24,C2-SR5-1-01-P1-M01F1,M02,513.5,studi - belum fabrikasi
SHS40x40-tangga-mesh,24,C2-SR5-1-01-P1-M10F0,M02,513.5,studi - belum fabrikasi
SHS40x40-tangga-mesh,24,C2-SR5-1-01-P1-M10F1,M02,513.5,studi - belum fabrikasi
SHS40x40-tangga-mesh,24,C2-SR5-1-01-P1-M11F0,M02,513.5,studi - belum fabrikasi
SHS40x40-tangga-mesh,24,C2-SR5-1-01-P1-M11F1,M02,513.5,studi - belum fabrikasi
SHS40x40-tangga-mesh,24,C2-SR5-2-01-P1-M00F0,M02,513.5,studi - belum fabrikasi
SHS40x40-tangga-mesh,25,C2-SR5-2-01-P1-M00F1,M02,513.5,studi - belum fabrikasi
SHS40x40-tangga-mesh,25,C2-SR5-2-01-P1-M01F0,M02,513.5,studi - belum fabrikasi
SHS40x40-tangga-mesh,25,C2-SR5-2-01-P1-M01F1,M02,513.5,studi - belum fabrikasi
SHS40x40-tangga-mesh,25,C2-SR5-2-01-P1-M10F0,M02,513.5,studi - belum fabrikasi
SHS40x40-tangga-mesh,25,C2-SR5-2-01-P1-M10F1,M02,513.5,studi - belum fabrikasi
SHS40x40-tangga-mesh,25,C2-SR5-2-01-P1-M11F0,M02,513.5,studi - belum fabrikasi
SHS40x40-tangga-mesh,25,C2-SR5-2-01-P1-M11F1,M02,513.5,studi - belum fabrikasi
SHS40x40-tangga-mesh,25,C2-SR5-3-01-P1-M00F0,M02,513.5,studi - belum fabrikasi
SHS40x40-tangga-mesh,25,C2-SR5-3-01-P1-M00F1,M02,513.5,studi - belum fabrikasi
SHS40x40-tangga-mesh,25,C2-SR5-3-01-P1-M01F0,M02,513.5,studi - belum fabrikasi
SHS40x40-tangga-mesh,25,C2-SR5-3-01-P1-M01F1,M02,513.5,studi - belum fabrikasi
SHS40x40-tangga-mesh,26,C2-SR5-3-01-P1-M10F0,M02,513.5,studi - belum fabrikasi
SHS40x40-tangga-mesh,26,C2-SR5-3-01-P1-M10F1,M02,513.5,studi - belum fabrikasi
SHS40x40-tangga-mesh,26,C2-SR5-3-01-P1-M11F0,M02,513.5,studi - belum fabrikasi
SHS40x40-tangga-mesh,26,C2-SR5-3-01-P1-M11F1,M02,513.5,studi - belum fabrikasi
SHS40x40-tangga-mesh,26,C2-SL1-1-01-P1-M10F0,M02,500.0,studi - belum fabrikasi
SHS40x40-tangga-mesh,26,C2-SL1-1-01-P1-M10F1,M02,500.0,studi - belum fabrikasi
SHS40x40-tangga-mesh,26,C2-SL2-1-01-P1-M00F0,M02,500.0,studi - belum fabrikasi
SHS40x40-tangga-mesh,26,C2-SL2-1-01-P1-M00F1,M02,500.0,studi - belum fabrikasi
SHS40x40-tangga-mesh,26,C2-SL2-1-01-P1-M01F0,M02,500.0,studi - belum fabrikasi
SHS40x40-tangga-mesh,26,C2-SL2-1-01-P1-M01F1,M02,500.0,studi - belum fabrikasi
SHS40x40-tangga-mesh,26,C2-SL2-1-01-P1-M10F0,M02,500.0,studi - belum fabrikasi
SHS40x40-tangga-mesh,26,C2-SL5-3-01-P1-M01F3,M02,343.3333,studi - belum fabrikasi
SHS40x40-tangga-mesh,27,C2-SL2-1-01-P1-M10F1,M02,500.0,studi - belum fabrikasi
SHS40x40-tangga-mesh,27,C2-SL2-1-01-P1-M11F0,M02,500.0,studi - belum fabrikasi
SHS40x40-tangga-mesh,27,C2-SL2-1-01-P1-M11F1,M02,500.0,studi - belum fabrikasi
SHS40x40-tangga-mesh,27,C2-SR1-1-01-P1-M00F0,M02,500.0,studi - belum fabrikasi
SHS40x40-tangga-mesh,27,C2-SR1-1-01-P1-M00F1,M02,500.0,studi - belum fabrikasi
SHS40x40-tangga-mesh,27,C2-SR1-1-01-P1-M10F0,M02,500.0,studi - belum fabrikasi
SHS40x40-tangga-mesh,27,C2-SR1-1-01-P1-M10F1,M02,500.0,studi - belum fabrikasi
SHS40x40-tangga-mesh,27,C2-SR2-1-01-P1-M00F0,M02,500.0,studi - belum fabrikasi
SHS40x40-tangga-mesh,27,C2-SR2-1-01-P1-M00F1,M02,500.0,studi - belum fabrikasi
SHS40x40-tangga-mesh,27,C2-SR2-1-01-P1-M01F0,M02,500.0,studi - belum fabrikasi
SHS40x40-tangga-mesh,27,C2-SR2-1-01-P1-M01F1,M02,500.0,studi - belum fabrikasi
SHS40x40-tangga-mesh,27,C2-SL1-1-01-P1-M00F2,M02,460.0,studi - belum fabrikasi
SHS40x40-tangga-mesh,28,C2-SR2-1-01-P1-M10F0,M02,500.0,studi - belum fabrikasi
SHS40x40-tangga-mesh,28,C2-SR2-1-01-P1-M10F1,M02,500.0,studi - belum fabrikasi
SHS40x40-tangga-mesh,28,C2-SR2-1-01-P1-M11F0,M02,500.0,studi - belum fabrikasi
SHS40x40-tangga-mesh,28,C2-SR2-1-01-P1-M11F1,M02,500.0,studi - belum fabrikasi
SHS40x40-tangga-mesh,28,C2-SLTAIL-1-01-P1-M00F0,M02,492.0,studi - belum fabrikasi
SHS40x40-tangga-mesh,28,C2-SLTAIL-1-01-P1-M00F1,M02,492.0,studi - belum fabrikasi
SHS40x40-tangga-mesh,28,C2-SLTAIL-1-01-P1-M01F0,M02,492.0,studi - belum fabrikasi
SHS40x40-tangga-mesh,28,C2-SLTAIL-1-01-P1-M01F1,M02,492.0,studi - belum fabrikasi
SHS40x40-tangga-mesh,28,C2-SLTAIL-2-01-P1-M00F0,M02,492.0,studi - belum fabrikasi
SHS40x40-tangga-mesh,28,C2-SLTAIL-2-01-P1-M00F1,M02,492.0,studi - belum fabrikasi
SHS40x40-tangga-mesh,28,C2-SLTAIL-2-01-P1-M01F0,M02,492.0,studi - belum fabrikasi
SHS40x40-tangga-mesh,28,C2-SLTAIL-2-01-P1-M01F1,M02,492.0,studi - belum fabrikasi
SHS40x40-tangga-mesh,29,C2-SLTAIL-3-01-P1-M00F0,M02,492.0,studi - belum fabrikasi
SHS40x40-tangga-mesh,29,C2-SLTAIL-3-01-P1-M00F1,M02,492.0,studi - belum fabrikasi
SHS40x40-tangga-mesh,29,C2-SLTAIL-3-01-P1-M01F0,M02,492.0,studi - belum fabrikasi
SHS40x40-tangga-mesh,29,C2-SLTAIL-3-01-P1-M01F1,M02,492.0,studi - belum fabrikasi
SHS40x40-tangga-mesh,29,C2-SRTAIL-1-01-P1-M00F0,M02,492.0,studi - belum fabrikasi
SHS40x40-tangga-mesh,29,C2-SRTAIL-1-01-P1-M00F1,M02,492.0,studi - belum fabrikasi
SHS40x40-tangga-mesh,29,C2-SRTAIL-1-01-P1-M01F0,M02,492.0,studi - belum fabrikasi
SHS40x40-tangga-mesh,29,C2-SRTAIL-1-01-P1-M01F1,M02,492.0,studi - belum fabrikasi
SHS40x40-tangga-mesh,29,C2-SRTAIL-2-01-P1-M00F0,M02,492.0,studi - belum fabrikasi
SHS40x40-tangga-mesh,29,C2-SRTAIL-2-01-P1-M00F1,M02,492.0,studi - belum fabrikasi
SHS40x40-tangga-mesh,29,C2-SRTAIL-2-01-P1-M01F0,M02,492.0,studi - belum fabrikasi
SHS40x40-tangga-mesh,29,C2-SRTAIL-2-01-P1-M01F1,M02,492.0,studi - belum fabrikasi
SHS40x40-tangga-mesh,30,C2-SRTAIL-3-01-P1-M00F0,M02,492.0,studi - belum fabrikasi
SHS40x40-tangga-mesh,30,C2-SRTAIL-3-01-P1-M00F1,M02,492.0,studi - belum fabrikasi
SHS40x40-tangga-mesh,30,C2-SRTAIL-3-01-P1-M01F0,M02,492.0,studi - belum fabrikasi
SHS40x40-tangga-mesh,30,C2-SRTAIL-3-01-P1-M01F1,M02,492.0,studi - belum fabrikasi
SHS40x40-tangga-mesh,30,C2-SL1-1-01-P1-M00F3,M02,460.0,studi - belum fabrikasi
SHS40x40-tangga-mesh,30,C2-SL1-1-01-P1-M10F2,M02,460.0,studi - belum fabrikasi
SHS40x40-tangga-mesh,30,C2-SL1-1-01-P1-M10F3,M02,460.0,studi - belum fabrikasi
SHS40x40-tangga-mesh,30,C2-SR1-1-01-P1-M00F2,M02,460.0,studi - belum fabrikasi
SHS40x40-tangga-mesh,30,C2-SR1-1-01-P1-M00F3,M02,460.0,studi - belum fabrikasi
SHS40x40-tangga-mesh,30,C2-SR1-1-01-P1-M10F2,M02,460.0,studi - belum fabrikasi
SHS40x40-tangga-mesh,30,C2-SR1-1-01-P1-M10F3,M02,460.0,studi - belum fabrikasi
SHS40x40-tangga-mesh,30,C2-SL2-1-01-P1-M00F2,M02,440.0,studi - belum fabrikasi
SHS40x40-tangga-mesh,31,C2-SL2-1-01-P1-M00F3,M02,440.0,studi - belum fabrikasi
SHS40x40-tangga-mesh,31,C2-SL2-1-01-P1-M01F2,M02,440.0,studi - belum fabrikasi
SHS40x40-tangga-mesh,31,C2-SL2-1-01-P1-M01F3,M02,440.0,studi - belum fabrikasi
SHS40x40-tangga-mesh,31,C2-SL2-1-01-P1-M10F2,M02,440.0,studi - belum fabrikasi
SHS40x40-tangga-mesh,31,C2-SL2-1-01-P1-M10F3,M02,440.0,studi - belum fabrikasi
SHS40x40-tangga-mesh,31,C2-SL2-1-01-P1-M11F2,M02,440.0,studi - belum fabrikasi
SHS40x40-tangga-mesh,31,C2-SL2-1-01-P1-M11F3,M02,440.0,studi - belum fabrikasi
SHS40x40-tangga-mesh,31,C2-SR2-1-01-P1-M00F2,M02,440.0,studi - belum fabrikasi
SHS40x40-tangga-mesh,31,C2-SR2-1-01-P1-M00F3,M02,440.0,studi - belum fabrikasi
SHS40x40-tangga-mesh,31,C2-SR2-1-01-P1-M01F2,M02,440.0,studi - belum fabrikasi
SHS40x40-tangga-mesh,31,C2-SR2-1-01-P1-M01F3,M02,440.0,studi - belum fabrikasi
SHS40x40-tangga-mesh,31,C2-SR2-1-01-P1-M10F2,M02,440.0,studi - belum fabrikasi
SHS40x40-tangga-mesh,31,C2-SR2-1-01-P1-M10F3,M02,440.0,studi - belum fabrikasi
SHS40x40-tangga-mesh,32,C2-SR2-1-01-P1-M11F2,M02,440.0,studi - belum fabrikasi
SHS40x40-tangga-mesh,32,C2-SR2-1-01-P1-M11F3,M02,440.0,studi - belum fabrikasi
SHS40x40-tangga-mesh,32,C2-SL4-1-01-P1-M00F2,M02,430.0,studi - belum fabrikasi
SHS40x40-tangga-mesh,32,C2-SL4-1-01-P1-M00F3,M02,430.0,studi - belum fabrikasi
SHS40x40-tangga-mesh,32,C2-SL4-1-01-P1-M01F2,M02,430.0,studi - belum fabrikasi
SHS40x40-tangga-mesh,32,C2-SL4-1-01-P1-M01F3,M02,430.0,studi - belum fabrikasi
SHS40x40-tangga-mesh,32,C2-SL4-2-01-P1-M00F2,M02,430.0,studi - belum fabrikasi
SHS40x40-tangga-mesh,32,C2-SL4-2-01-P1-M00F3,M02,430.0,studi - belum fabrikasi
SHS40x40-tangga-mesh,32,C2-SL4-2-01-P1-M01F2,M02,430.0,studi - belum fabrikasi
SHS40x40-tangga-mesh,32,C2-SL4-2-01-P1-M01F3,M02,430.0,studi - belum fabrikasi
SHS40x40-tangga-mesh,32,C2-SR4-1-01-P1-M00F2,M02,430.0,studi - belum fabrikasi
SHS40x40-tangga-mesh,32,C2-SR4-1-01-P1-M00F3,M02,430.0,studi - belum fabrikasi
SHS40x40-tangga-mesh,32,C2-SR4-1-01-P1-M01F2,M02,430.0,studi - belum fabrikasi
SHS40x40-tangga-mesh,32,C2-SL5-3-01-P1-M10F2,M02,343.3333,studi - belum fabrikasi
SHS40x40-tangga-mesh,33,C2-SR4-1-01-P1-M01F3,M02,430.0,studi - belum fabrikasi
SHS40x40-tangga-mesh,33,C2-SR4-2-01-P1-M00F2,M02,430.0,studi - belum fabrikasi
SHS40x40-tangga-mesh,33,C2-SR4-2-01-P1-M00F3,M02,430.0,studi - belum fabrikasi
SHS40x40-tangga-mesh,33,C2-SR4-2-01-P1-M01F2,M02,430.0,studi - belum fabrikasi
SHS40x40-tangga-mesh,33,C2-SR4-2-01-P1-M01F3,M02,430.0,studi - belum fabrikasi
SHS40x40-tangga-mesh,33,C2-SL5-3-01-P1-M10F3,M02,343.3333,studi - belum fabrikasi
SHS40x40-tangga-mesh,33,C2-SL5-3-01-P1-M11F2,M02,343.3333,studi - belum fabrikasi
SHS40x40-tangga-mesh,33,C2-SL5-3-01-P1-M11F3,M02,343.3333,studi - belum fabrikasi
SHS40x40-tangga-mesh,33,C2-SLTAIL-3-01-P1-M00F2,M02,343.3333,studi - belum fabrikasi
SHS40x40-tangga-mesh,33,C2-SLTAIL-3-01-P1-M00F3,M02,343.3333,studi - belum fabrikasi
SHS40x40-tangga-mesh,33,C2-SLTAIL-3-01-P1-M01F2,M02,343.3333,studi - belum fabrikasi
SHS40x40-tangga-mesh,33,C2-SLTAIL-3-01-P1-M01F3,M02,343.3333,studi - belum fabrikasi
SHS40x40-tangga-mesh,33,C2-SR5-3-01-P1-M00F2,M02,343.3333,studi - belum fabrikasi
SHS40x40-tangga-mesh,33,C2-SR5-3-01-P1-M00F3,M02,343.3333,studi - belum fabrikasi
SHS40x40-tangga-mesh,33,C2-SR5-3-01-P1-M01F2,M02,343.3333,studi - belum fabrikasi
SHS40x40-tangga-mesh,33,C2-SR5-3-01-P1-M01F3,M02,343.3333,studi - belum fabrikasi
SHS40x40-tangga-mesh,34,C2-SR5-3-01-P1-M10F2,M02,343.3333,studi - belum fabrikasi
SHS40x40-tangga-mesh,34,C2-SR5-3-01-P1-M10F3,M02,343.3333,studi - belum fabrikasi
SHS40x40-tangga-mesh,34,C2-SR5-3-01-P1-M11F2,M02,343.3333,studi - belum fabrikasi
SHS40x40-tangga-mesh,34,C2-SR5-3-01-P1-M11F3,M02,343.3333,studi - belum fabrikasi
SHS40x40-tangga-mesh,34,C2-SRTAIL-3-01-P1-M00F2,M02,343.3333,studi - belum fabrikasi
SHS40x40-tangga-mesh,34,C2-SRTAIL-3-01-P1-M00F3,M02,343.3333,studi - belum fabrikasi
SHS40x40-tangga-mesh,34,C2-SRTAIL-3-01-P1-M01F2,M02,343.3333,studi - belum fabrikasi
SHS40x40-tangga-mesh,34,C2-SRTAIL-3-01-P1-M01F3,M02,343.3333,studi - belum fabrikasi
SHS40x40-tangga-mesh,34,C2-SL5-1-01-P1-M00F2,M02,343.3333,studi - belum fabrikasi
SHS40x40-tangga-mesh,34,C2-SL5-1-01-P1-M00F3,M02,343.3333,studi - belum fabrikasi
SHS40x40-tangga-mesh,34,C2-SL5-1-01-P1-M01F2,M02,343.3333,studi - belum fabrikasi
SHS40x40-tangga-mesh,34,C2-SL5-1-01-P1-M01F3,M02,343.3333,studi - belum fabrikasi
SHS40x40-tangga-mesh,34,C2-SL5-1-01-P1-M10F2,M02,343.3333,studi - belum fabrikasi
SHS40x40-tangga-mesh,34,C2-SL5-1-01-P1-M10F3,M02,343.3333,studi - belum fabrikasi
SHS40x40-tangga-mesh,34,C2-SL5-1-01-P1-M11F2,M02,343.3333,studi - belum fabrikasi
SHS40x40-tangga-mesh,34,C2-SL5-1-01-P1-M11F3,M02,343.3333,studi - belum fabrikasi
SHS40x40-tangga-mesh,34,C2-SL5-2-01-P1-M00F2,M02,343.3333,studi - belum fabrikasi
SHS40x40-tangga-mesh,35,C2-SL5-2-01-P1-M00F3,M02,343.3333,studi - belum fabrikasi
SHS40x40-tangga-mesh,35,C2-SL5-2-01-P1-M01F2,M02,343.3333,studi - belum fabrikasi
SHS40x40-tangga-mesh,35,C2-SL5-2-01-P1-M01F3,M02,343.3333,studi - belum fabrikasi
SHS40x40-tangga-mesh,35,C2-SL5-2-01-P1-M10F2,M02,343.3333,studi - belum fabrikasi
SHS40x40-tangga-mesh,35,C2-SL5-2-01-P1-M10F3,M02,343.3333,studi - belum fabrikasi
SHS40x40-tangga-mesh,35,C2-SL5-2-01-P1-M11F2,M02,343.3333,studi - belum fabrikasi
SHS40x40-tangga-mesh,35,C2-SL5-2-01-P1-M11F3,M02,343.3333,studi - belum fabrikasi
SHS40x40-tangga-mesh,35,C2-SLTAIL-1-01-P1-M00F2,M02,343.3333,studi - belum fabrikasi
SHS40x40-tangga-mesh,35,C2-SLTAIL-1-01-P1-M00F3,M02,343.3333,studi - belum fabrikasi
SHS40x40-tangga-mesh,35,C2-SLTAIL-1-01-P1-M01F2,M02,343.3333,studi - belum fabrikasi
SHS40x40-tangga-mesh,35,C2-SLTAIL-1-01-P1-M01F3,M02,343.3333,studi - belum fabrikasi
SHS40x40-tangga-mesh,35,C2-SLTAIL-2-01-P1-M00F2,M02,343.3333,studi - belum fabrikasi
SHS40x40-tangga-mesh,35,C2-SLTAIL-2-01-P1-M00F3,M02,343.3333,studi - belum fabrikasi
SHS40x40-tangga-mesh,35,C2-SLTAIL-2-01-P1-M01F2,M02,343.3333,studi - belum fabrikasi
SHS40x40-tangga-mesh,35,C2-SLTAIL-2-01-P1-M01F3,M02,343.3333,studi - belum fabrikasi
SHS40x40-tangga-mesh,35,C2-SR5-1-01-P1-M00F2,M02,343.3333,studi - belum fabrikasi
SHS40x40-tangga-mesh,35,C2-SR5-1-01-P1-M00F3,M02,343.3333,studi - belum fabrikasi
SHS40x40-tangga-mesh,36,C2-SR5-1-01-P1-M01F2,M02,343.3333,studi - belum fabrikasi
SHS40x40-tangga-mesh,36,C2-SR5-1-01-P1-M01F3,M02,343.3333,studi - belum fabrikasi
SHS40x40-tangga-mesh,36,C2-SR5-1-01-P1-M10F2,M02,343.3333,studi - belum fabrikasi
SHS40x40-tangga-mesh,36,C2-SR5-1-01-P1-M10F3,M02,343.3333,studi - belum fabrikasi
SHS40x40-tangga-mesh,36,C2-SR5-1-01-P1-M11F2,M02,343.3333,studi - belum fabrikasi
SHS40x40-tangga-mesh,36,C2-SR5-1-01-P1-M11F3,M02,343.3333,studi - belum fabrikasi
SHS40x40-tangga-mesh,36,C2-SR5-2-01-P1-M00F2,M02,343.3333,studi - belum fabrikasi
SHS40x40-tangga-mesh,36,C2-SR5-2-01-P1-M00F3,M02,343.3333,studi - belum fabrikasi
SHS40x40-tangga-mesh,36,C2-SR5-2-01-P1-M01F2,M02,343.3333,studi - belum fabrikasi
SHS40x40-tangga-mesh,36,C2-SR5-2-01-P1-M01F3,M02,343.3333,studi - belum fabrikasi
SHS40x40-tangga-mesh,36,C2-SR5-2-01-P1-M10F2,M02,343.3333,studi - belum fabrikasi
SHS40x40-tangga-mesh,36,C2-SR5-2-01-P1-M10F3,M02,343.3333,studi - belum fabrikasi
SHS40x40-tangga-mesh,36,C2-SR5-2-01-P1-M11F2,M02,343.3333,studi - belum fabrikasi
SHS40x40-tangga-mesh,36,C2-SR5-2-01-P1-M11F3,M02,343.3333,studi - belum fabrikasi
SHS40x40-tangga-mesh,36,C2-SRTAIL-1-01-P1-M00F2,M02,343.3333,studi - belum fabrikasi
SHS40x40-tangga-mesh,36,C2-SRTAIL-1-01-P1-M00F3,M02,343.3333,studi - belum fabrikasi
SHS40x40-tangga-mesh,36,C2-SRTAIL-1-01-P1-M01F2,M02,343.3333,studi - belum fabrikasi
SHS40x40-tangga-mesh,37,C2-SRTAIL-1-01-P1-M01F3,M02,343.3333,studi - belum fabrikasi
SHS40x40-tangga-mesh,37,C2-SRTAIL-2-01-P1-M00F2,M02,343.3333,studi - belum fabrikasi
SHS40x40-tangga-mesh,37,C2-SRTAIL-2-01-P1-M00F3,M02,343.3333,studi - belum fabrikasi
SHS40x40-tangga-mesh,37,C2-SRTAIL-2-01-P1-M01F2,M02,343.3333,studi - belum fabrikasi
SHS40x40-tangga-mesh,37,C2-SRTAIL-2-01-P1-M01F3,M02,343.3333,studi - belum fabrikasi
strip30x3,1,C2-SL4-1-01-P1-M00K0,M03,741.851,studi - belum fabrikasi
strip30x3,1,C2-SL4-1-01-P1-M00K1,M03,741.851,studi - belum fabrikasi
strip30x3,1,C2-SL4-1-01-P1-M01K0,M03,741.851,studi - belum fabrikasi
strip30x3,1,C2-SL4-1-01-P1-M01K1,M03,741.851,studi - belum fabrikasi
strip30x3,1,C2-SL4-2-01-P1-M00K0,M03,741.851,studi - belum fabrikasi
strip30x3,1,C2-SL4-2-01-P1-M00K1,M03,741.851,studi - belum fabrikasi
strip30x3,1,C2-SL4-2-01-P1-M01K0,M03,741.851,studi - belum fabrikasi
strip30x3,1,C2-SL4-2-01-P1-M01K1,M03,741.851,studi - belum fabrikasi
strip30x3,2,C2-SR4-1-01-P1-M00K0,M03,741.851,studi - belum fabrikasi
strip30x3,2,C2-SR4-1-01-P1-M00K1,M03,741.851,studi - belum fabrikasi
strip30x3,2,C2-SR4-1-01-P1-M01K0,M03,741.851,studi - belum fabrikasi
strip30x3,2,C2-SR4-1-01-P1-M01K1,M03,741.851,studi - belum fabrikasi
strip30x3,2,C2-SR4-2-01-P1-M00K0,M03,741.851,studi - belum fabrikasi
strip30x3,2,C2-SR4-2-01-P1-M00K1,M03,741.851,studi - belum fabrikasi
strip30x3,2,C2-SR4-2-01-P1-M01K0,M03,741.851,studi - belum fabrikasi
strip30x3,2,C2-SR4-2-01-P1-M01K1,M03,741.851,studi - belum fabrikasi
strip30x3,3,C2-SL3-1-01-P1-M00K2,M03,730.0,studi - belum fabrikasi
strip30x3,3,C2-SL3-1-01-P1-M00K3,M03,730.0,studi - belum fabrikasi
strip30x3,3,C2-SL3-2-01-P1-M00K2,M03,730.0,studi - belum fabrikasi
strip30x3,3,C2-SL3-2-01-P1-M00K3,M03,730.0,studi - belum fabrikasi
strip30x3,3,C2-SR3-1-01-P1-M00K2,M03,730.0,studi - belum fabrikasi
strip30x3,3,C2-SR3-1-01-P1-M00K3,M03,730.0,studi - belum fabrikasi
strip30x3,3,C2-SR3-2-01-P1-M00K2,M03,730.0,studi - belum fabrikasi
strip30x3,3,C2-SR3-2-01-P1-M00K3,M03,730.0,studi - belum fabrikasi
strip30x3,4,C2-SL3-1-01-P1-M00K0,M03,672.155,studi - belum fabrikasi
strip30x3,4,C2-SL3-1-01-P1-M00K1,M03,672.155,studi - belum fabrikasi
strip30x3,4,C2-SL3-2-01-P1-M00K0,M03,672.155,studi - belum fabrikasi
strip30x3,4,C2-SL3-2-01-P1-M00K1,M03,672.155,studi - belum fabrikasi
strip30x3,4,C2-SR3-1-01-P1-M00K0,M03,672.155,studi - belum fabrikasi
strip30x3,4,C2-SR3-1-01-P1-M00K1,M03,672.155,studi - belum fabrikasi
strip30x3,4,C2-SR3-2-01-P1-M00K0,M03,672.155,studi - belum fabrikasi
strip30x3,4,C2-SR3-2-01-P1-M00K1,M03,672.155,studi - belum fabrikasi
strip30x3,4,C2-SL1-1-01-P1-M00K2,M03,500.0,studi - belum fabrikasi
strip30x3,5,C2-SL1-1-01-P1-M00K3,M03,500.0,studi - belum fabrikasi
strip30x3,5,C2-SL1-1-01-P1-M10K2,M03,500.0,studi - belum fabrikasi
strip30x3,5,C2-SL1-1-01-P1-M10K3,M03,500.0,studi - belum fabrikasi
strip30x3,5,C2-SR1-1-01-P1-M00K2,M03,500.0,studi - belum fabrikasi
strip30x3,5,C2-SR1-1-01-P1-M00K3,M03,500.0,studi - belum fabrikasi
strip30x3,5,C2-SR1-1-01-P1-M10K2,M03,500.0,studi - belum fabrikasi
strip30x3,5,C2-SR1-1-01-P1-M10K3,M03,500.0,studi - belum fabrikasi
strip30x3,5,C2-SL2-1-01-P1-M00K2,M03,480.0,studi - belum fabrikasi
strip30x3,5,C2-SL2-1-01-P1-M00K3,M03,480.0,studi - belum fabrikasi
strip30x3,5,C2-SL2-1-01-P1-M01K2,M03,480.0,studi - belum fabrikasi
strip30x3,5,C2-SL2-1-01-P1-M01K3,M03,480.0,studi - belum fabrikasi
strip30x3,5,C2-SL2-1-01-P1-M10K2,M03,480.0,studi - belum fabrikasi
strip30x3,6,C2-SL2-1-01-P1-M10K3,M03,480.0,studi - belum fabrikasi
strip30x3,6,C2-SL2-1-01-P1-M11K2,M03,480.0,studi - belum fabrikasi
strip30x3,6,C2-SL2-1-01-P1-M11K3,M03,480.0,studi - belum fabrikasi
strip30x3,6,C2-SR2-1-01-P1-M00K2,M03,480.0,studi - belum fabrikasi
strip30x3,6,C2-SR2-1-01-P1-M00K3,M03,480.0,studi - belum fabrikasi
strip30x3,6,C2-SR2-1-01-P1-M01K2,M03,480.0,studi - belum fabrikasi
strip30x3,6,C2-SR2-1-01-P1-M01K3,M03,480.0,studi - belum fabrikasi
strip30x3,6,C2-SR2-1-01-P1-M10K2,M03,480.0,studi - belum fabrikasi
strip30x3,6,C2-SR2-1-01-P1-M10K3,M03,480.0,studi - belum fabrikasi
strip30x3,6,C2-SR2-1-01-P1-M11K2,M03,480.0,studi - belum fabrikasi
strip30x3,6,C2-SR2-1-01-P1-M11K3,M03,480.0,studi - belum fabrikasi
strip30x3,6,C2-SL5-1-01-P1-M00K0,M03,473.5,studi - belum fabrikasi
strip30x3,7,C2-SL5-1-01-P1-M00K1,M03,473.5,studi - belum fabrikasi
strip30x3,7,C2-SL5-1-01-P1-M01K0,M03,473.5,studi - belum fabrikasi
strip30x3,7,C2-SL5-1-01-P1-M01K1,M03,473.5,studi - belum fabrikasi
strip30x3,7,C2-SL5-1-01-P1-M10K0,M03,473.5,studi - belum fabrikasi
strip30x3,7,C2-SL5-1-01-P1-M10K1,M03,473.5,studi - belum fabrikasi
strip30x3,7,C2-SL5-1-01-P1-M11K0,M03,473.5,studi - belum fabrikasi
strip30x3,7,C2-SL5-1-01-P1-M11K1,M03,473.5,studi - belum fabrikasi
strip30x3,7,C2-SL5-2-01-P1-M00K0,M03,473.5,studi - belum fabrikasi
strip30x3,7,C2-SL5-2-01-P1-M00K1,M03,473.5,studi - belum fabrikasi
strip30x3,7,C2-SL5-2-01-P1-M01K0,M03,473.5,studi - belum fabrikasi
strip30x3,7,C2-SL5-2-01-P1-M01K1,M03,473.5,studi - belum fabrikasi
strip30x3,7,C2-SL5-2-01-P1-M10K0,M03,473.5,studi - belum fabrikasi
strip30x3,8,C2-SL5-2-01-P1-M10K1,M03,473.5,studi - belum fabrikasi
strip30x3,8,C2-SL5-2-01-P1-M11K0,M03,473.5,studi - belum fabrikasi
strip30x3,8,C2-SL5-2-01-P1-M11K1,M03,473.5,studi - belum fabrikasi
strip30x3,8,C2-SL5-3-01-P1-M00K0,M03,473.5,studi - belum fabrikasi
strip30x3,8,C2-SL5-3-01-P1-M00K1,M03,473.5,studi - belum fabrikasi
strip30x3,8,C2-SL5-3-01-P1-M01K0,M03,473.5,studi - belum fabrikasi
strip30x3,8,C2-SL5-3-01-P1-M01K1,M03,473.5,studi - belum fabrikasi
strip30x3,8,C2-SL5-3-01-P1-M10K0,M03,473.5,studi - belum fabrikasi
strip30x3,8,C2-SL5-3-01-P1-M10K1,M03,473.5,studi - belum fabrikasi
strip30x3,8,C2-SL5-3-01-P1-M11K0,M03,473.5,studi - belum fabrikasi
strip30x3,8,C2-SL5-3-01-P1-M11K1,M03,473.5,studi - belum fabrikasi
strip30x3,8,C2-SR5-1-01-P1-M00K0,M03,473.5,studi - belum fabrikasi
strip30x3,9,C2-SR5-1-01-P1-M00K1,M03,473.5,studi - belum fabrikasi
strip30x3,9,C2-SR5-1-01-P1-M01K0,M03,473.5,studi - belum fabrikasi
strip30x3,9,C2-SR5-1-01-P1-M01K1,M03,473.5,studi - belum fabrikasi
strip30x3,9,C2-SR5-1-01-P1-M10K0,M03,473.5,studi - belum fabrikasi
strip30x3,9,C2-SR5-1-01-P1-M10K1,M03,473.5,studi - belum fabrikasi
strip30x3,9,C2-SR5-1-01-P1-M11K0,M03,473.5,studi - belum fabrikasi
strip30x3,9,C2-SR5-1-01-P1-M11K1,M03,473.5,studi - belum fabrikasi
strip30x3,9,C2-SR5-2-01-P1-M00K0,M03,473.5,studi - belum fabrikasi
strip30x3,9,C2-SR5-2-01-P1-M00K1,M03,473.5,studi - belum fabrikasi
strip30x3,9,C2-SR5-2-01-P1-M01K0,M03,473.5,studi - belum fabrikasi
strip30x3,9,C2-SR5-2-01-P1-M01K1,M03,473.5,studi - belum fabrikasi
strip30x3,9,C2-SR5-2-01-P1-M10K0,M03,473.5,studi - belum fabrikasi
strip30x3,10,C2-SR5-2-01-P1-M10K1,M03,473.5,studi - belum fabrikasi
strip30x3,10,C2-SR5-2-01-P1-M11K0,M03,473.5,studi - belum fabrikasi
strip30x3,10,C2-SR5-2-01-P1-M11K1,M03,473.5,studi - belum fabrikasi
strip30x3,10,C2-SR5-3-01-P1-M00K0,M03,473.5,studi - belum fabrikasi
strip30x3,10,C2-SR5-3-01-P1-M00K1,M03,473.5,studi - belum fabrikasi
strip30x3,10,C2-SR5-3-01-P1-M01K0,M03,473.5,studi - belum fabrikasi
strip30x3,10,C2-SR5-3-01-P1-M01K1,M03,473.5,studi - belum fabrikasi
strip30x3,10,C2-SR5-3-01-P1-M10K0,M03,473.5,studi - belum fabrikasi
strip30x3,10,C2-SR5-3-01-P1-M10K1,M03,473.5,studi - belum fabrikasi
strip30x3,10,C2-SR5-3-01-P1-M11K0,M03,473.5,studi - belum fabrikasi
strip30x3,10,C2-SR5-3-01-P1-M11K1,M03,473.5,studi - belum fabrikasi
strip30x3,10,C2-SL4-1-01-P1-M00K2,M03,470.0,studi - belum fabrikasi
strip30x3,11,C2-SL4-1-01-P1-M00K3,M03,470.0,studi - belum fabrikasi
strip30x3,11,C2-SL4-1-01-P1-M01K2,M03,470.0,studi - belum fabrikasi
strip30x3,11,C2-SL4-1-01-P1-M01K3,M03,470.0,studi - belum fabrikasi
strip30x3,11,C2-SL4-2-01-P1-M00K2,M03,470.0,studi - belum fabrikasi
strip30x3,11,C2-SL4-2-01-P1-M00K3,M03,470.0,studi - belum fabrikasi
strip30x3,11,C2-SL4-2-01-P1-M01K2,M03,470.0,studi - belum fabrikasi
strip30x3,11,C2-SL4-2-01-P1-M01K3,M03,470.0,studi - belum fabrikasi
strip30x3,11,C2-SR4-1-01-P1-M00K2,M03,470.0,studi - belum fabrikasi
strip30x3,11,C2-SR4-1-01-P1-M00K3,M03,470.0,studi - belum fabrikasi
strip30x3,11,C2-SR4-1-01-P1-M01K2,M03,470.0,studi - belum fabrikasi
strip30x3,11,C2-SR4-1-01-P1-M01K3,M03,470.0,studi - belum fabrikasi
strip30x3,11,C2-SR4-2-01-P1-M00K2,M03,470.0,studi - belum fabrikasi
strip30x3,12,C2-SR4-2-01-P1-M00K3,M03,470.0,studi - belum fabrikasi
strip30x3,12,C2-SR4-2-01-P1-M01K2,M03,470.0,studi - belum fabrikasi
strip30x3,12,C2-SR4-2-01-P1-M01K3,M03,470.0,studi - belum fabrikasi
strip30x3,12,C2-SL1-1-01-P1-M00K0,M03,460.0,studi - belum fabrikasi
strip30x3,12,C2-SL1-1-01-P1-M00K1,M03,460.0,studi - belum fabrikasi
strip30x3,12,C2-SL1-1-01-P1-M10K0,M03,460.0,studi - belum fabrikasi
strip30x3,12,C2-SL1-1-01-P1-M10K1,M03,460.0,studi - belum fabrikasi
strip30x3,12,C2-SL2-1-01-P1-M00K0,M03,460.0,studi - belum fabrikasi
strip30x3,12,C2-SL2-1-01-P1-M00K1,M03,460.0,studi - belum fabrikasi
strip30x3,12,C2-SL2-1-01-P1-M01K0,M03,460.0,studi - belum fabrikasi
strip30x3,12,C2-SL2-1-01-P1-M01K1,M03,460.0,studi - belum fabrikasi
strip30x3,12,C2-SL2-1-01-P1-M10K0,M03,460.0,studi - belum fabrikasi
strip30x3,12,C2-SL5-3-01-P1-M00K2,M03,383.3333,studi - belum fabrikasi
strip30x3,13,C2-SL2-1-01-P1-M10K1,M03,460.0,studi - belum fabrikasi
strip30x3,13,C2-SL2-1-01-P1-M11K0,M03,460.0,studi - belum fabrikasi
strip30x3,13,C2-SL2-1-01-P1-M11K1,M03,460.0,studi - belum fabrikasi
strip30x3,13,C2-SR1-1-01-P1-M00K0,M03,460.0,studi - belum fabrikasi
strip30x3,13,C2-SR1-1-01-P1-M00K1,M03,460.0,studi - belum fabrikasi
strip30x3,13,C2-SR1-1-01-P1-M10K0,M03,460.0,studi - belum fabrikasi
strip30x3,13,C2-SR1-1-01-P1-M10K1,M03,460.0,studi - belum fabrikasi
strip30x3,13,C2-SR2-1-01-P1-M00K0,M03,460.0,studi - belum fabrikasi
strip30x3,13,C2-SR2-1-01-P1-M00K1,M03,460.0,studi - belum fabrikasi
strip30x3,13,C2-SR2-1-01-P1-M01K0,M03,460.0,studi - belum fabrikasi
strip30x3,13,C2-SR2-1-01-P1-M01K1,M03,460.0,studi - belum fabrikasi
strip30x3,13,C2-SR2-1-01-P1-M10K0,M03,460.0,studi - belum fabrikasi
strip30x3,13,C2-SL5-3-01-P1-M00K3,M03,383.3333,studi - belum fabrikasi
strip30x3,14,C2-SR2-1-01-P1-M10K1,M03,460.0,studi - belum fabrikasi
strip30x3,14,C2-SR2-1-01-P1-M11K0,M03,460.0,studi - belum fabrikasi
strip30x3,14,C2-SR2-1-01-P1-M11K1,M03,460.0,studi - belum fabrikasi
strip30x3,14,C2-SLTAIL-1-01-P1-M00K0,M03,452.0,studi - belum fabrikasi
strip30x3,14,C2-SLTAIL-1-01-P1-M00K1,M03,452.0,studi - belum fabrikasi
strip30x3,14,C2-SLTAIL-1-01-P1-M01K0,M03,452.0,studi - belum fabrikasi
strip30x3,14,C2-SLTAIL-1-01-P1-M01K1,M03,452.0,studi - belum fabrikasi
strip30x3,14,C2-SLTAIL-2-01-P1-M00K0,M03,452.0,studi - belum fabrikasi
strip30x3,14,C2-SLTAIL-2-01-P1-M00K1,M03,452.0,studi - belum fabrikasi
strip30x3,14,C2-SLTAIL-2-01-P1-M01K0,M03,452.0,studi - belum fabrikasi
strip30x3,14,C2-SLTAIL-2-01-P1-M01K1,M03,452.0,studi - belum fabrikasi
strip30x3,14,C2-SLTAIL-3-01-P1-M00K0,M03,452.0,studi - belum fabrikasi
strip30x3,14,C2-SLTAIL-3-01-P1-M00K1,M03,452.0,studi - belum fabrikasi
strip30x3,15,C2-SLTAIL-3-01-P1-M01K0,M03,452.0,studi - belum fabrikasi
strip30x3,15,C2-SLTAIL-3-01-P1-M01K1,M03,452.0,studi - belum fabrikasi
strip30x3,15,C2-SRTAIL-1-01-P1-M00K0,M03,452.0,studi - belum fabrikasi
strip30x3,15,C2-SRTAIL-1-01-P1-M00K1,M03,452.0,studi - belum fabrikasi
strip30x3,15,C2-SRTAIL-1-01-P1-M01K0,M03,452.0,studi - belum fabrikasi
strip30x3,15,C2-SRTAIL-1-01-P1-M01K1,M03,452.0,studi - belum fabrikasi
strip30x3,15,C2-SRTAIL-2-01-P1-M00K0,M03,452.0,studi - belum fabrikasi
strip30x3,15,C2-SRTAIL-2-01-P1-M00K1,M03,452.0,studi - belum fabrikasi
strip30x3,15,C2-SRTAIL-2-01-P1-M01K0,M03,452.0,studi - belum fabrikasi
strip30x3,15,C2-SRTAIL-2-01-P1-M01K1,M03,452.0,studi - belum fabrikasi
strip30x3,15,C2-SRTAIL-3-01-P1-M00K0,M03,452.0,studi - belum fabrikasi
strip30x3,15,C2-SRTAIL-3-01-P1-M00K1,M03,452.0,studi - belum fabrikasi
strip30x3,15,C2-SRTAIL-3-01-P1-M01K0,M03,452.0,studi - belum fabrikasi
strip30x3,16,C2-SRTAIL-3-01-P1-M01K1,M03,452.0,studi - belum fabrikasi
strip30x3,16,C2-SL5-3-01-P1-M01K2,M03,383.3333,studi - belum fabrikasi
strip30x3,16,C2-SL5-3-01-P1-M01K3,M03,383.3333,studi - belum fabrikasi
strip30x3,16,C2-SL5-3-01-P1-M10K2,M03,383.3333,studi - belum fabrikasi
strip30x3,16,C2-SL5-3-01-P1-M10K3,M03,383.3333,studi - belum fabrikasi
strip30x3,16,C2-SL5-3-01-P1-M11K2,M03,383.3333,studi - belum fabrikasi
strip30x3,16,C2-SL5-3-01-P1-M11K3,M03,383.3333,studi - belum fabrikasi
strip30x3,16,C2-SLTAIL-3-01-P1-M00K2,M03,383.3333,studi - belum fabrikasi
strip30x3,16,C2-SLTAIL-3-01-P1-M00K3,M03,383.3333,studi - belum fabrikasi
strip30x3,16,C2-SLTAIL-3-01-P1-M01K2,M03,383.3333,studi - belum fabrikasi
strip30x3,16,C2-SLTAIL-3-01-P1-M01K3,M03,383.3333,studi - belum fabrikasi
strip30x3,16,C2-SR5-3-01-P1-M00K2,M03,383.3333,studi - belum fabrikasi
strip30x3,16,C2-SR5-3-01-P1-M00K3,M03,383.3333,studi - belum fabrikasi
strip30x3,16,C2-SR5-3-01-P1-M01K2,M03,383.3333,studi - belum fabrikasi
strip30x3,16,C2-SR5-3-01-P1-M01K3,M03,383.3333,studi - belum fabrikasi
strip30x3,17,C2-SR5-3-01-P1-M10K2,M03,383.3333,studi - belum fabrikasi
strip30x3,17,C2-SR5-3-01-P1-M10K3,M03,383.3333,studi - belum fabrikasi
strip30x3,17,C2-SR5-3-01-P1-M11K2,M03,383.3333,studi - belum fabrikasi
strip30x3,17,C2-SR5-3-01-P1-M11K3,M03,383.3333,studi - belum fabrikasi
strip30x3,17,C2-SRTAIL-3-01-P1-M00K2,M03,383.3333,studi - belum fabrikasi
strip30x3,17,C2-SRTAIL-3-01-P1-M00K3,M03,383.3333,studi - belum fabrikasi
strip30x3,17,C2-SRTAIL-3-01-P1-M01K2,M03,383.3333,studi - belum fabrikasi
strip30x3,17,C2-SRTAIL-3-01-P1-M01K3,M03,383.3333,studi - belum fabrikasi
strip30x3,17,C2-SL5-1-01-P1-M00K2,M03,383.3333,studi - belum fabrikasi
strip30x3,17,C2-SL5-1-01-P1-M00K3,M03,383.3333,studi - belum fabrikasi
strip30x3,17,C2-SL5-1-01-P1-M01K2,M03,383.3333,studi - belum fabrikasi
strip30x3,17,C2-SL5-1-01-P1-M01K3,M03,383.3333,studi - belum fabrikasi
strip30x3,17,C2-SL5-1-01-P1-M10K2,M03,383.3333,studi - belum fabrikasi
strip30x3,17,C2-SL5-1-01-P1-M10K3,M03,383.3333,studi - belum fabrikasi
strip30x3,17,C2-SL5-1-01-P1-M11K2,M03,383.3333,studi - belum fabrikasi
strip30x3,18,C2-SL5-1-01-P1-M11K3,M03,383.3333,studi - belum fabrikasi
strip30x3,18,C2-SL5-2-01-P1-M00K2,M03,383.3333,studi - belum fabrikasi
strip30x3,18,C2-SL5-2-01-P1-M00K3,M03,383.3333,studi - belum fabrikasi
strip30x3,18,C2-SL5-2-01-P1-M01K2,M03,383.3333,studi - belum fabrikasi
strip30x3,18,C2-SL5-2-01-P1-M01K3,M03,383.3333,studi - belum fabrikasi
strip30x3,18,C2-SL5-2-01-P1-M10K2,M03,383.3333,studi - belum fabrikasi
strip30x3,18,C2-SL5-2-01-P1-M10K3,M03,383.3333,studi - belum fabrikasi
strip30x3,18,C2-SL5-2-01-P1-M11K2,M03,383.3333,studi - belum fabrikasi
strip30x3,18,C2-SL5-2-01-P1-M11K3,M03,383.3333,studi - belum fabrikasi
strip30x3,18,C2-SLTAIL-1-01-P1-M00K2,M03,383.3333,studi - belum fabrikasi
strip30x3,18,C2-SLTAIL-1-01-P1-M00K3,M03,383.3333,studi - belum fabrikasi
strip30x3,18,C2-SLTAIL-1-01-P1-M01K2,M03,383.3333,studi - belum fabrikasi
strip30x3,18,C2-SLTAIL-1-01-P1-M01K3,M03,383.3333,studi - belum fabrikasi
strip30x3,18,C2-SLTAIL-2-01-P1-M00K2,M03,383.3333,studi - belum fabrikasi
strip30x3,18,C2-SLTAIL-2-01-P1-M00K3,M03,383.3333,studi - belum fabrikasi
strip30x3,19,C2-SLTAIL-2-01-P1-M01K2,M03,383.3333,studi - belum fabrikasi
strip30x3,19,C2-SLTAIL-2-01-P1-M01K3,M03,383.3333,studi - belum fabrikasi
strip30x3,19,C2-SR5-1-01-P1-M00K2,M03,383.3333,studi - belum fabrikasi
strip30x3,19,C2-SR5-1-01-P1-M00K3,M03,383.3333,studi - belum fabrikasi
strip30x3,19,C2-SR5-1-01-P1-M01K2,M03,383.3333,studi - belum fabrikasi
strip30x3,19,C2-SR5-1-01-P1-M01K3,M03,383.3333,studi - belum fabrikasi
strip30x3,19,C2-SR5-1-01-P1-M10K2,M03,383.3333,studi - belum fabrikasi
strip30x3,19,C2-SR5-1-01-P1-M10K3,M03,383.3333,studi - belum fabrikasi
strip30x3,19,C2-SR5-1-01-P1-M11K2,M03,383.3333,studi - belum fabrikasi
strip30x3,19,C2-SR5-1-01-P1-M11K3,M03,383.3333,studi - belum fabrikasi
strip30x3,19,C2-SR5-2-01-P1-M00K2,M03,383.3333,studi - belum fabrikasi
strip30x3,19,C2-SR5-2-01-P1-M00K3,M03,383.3333,studi - belum fabrikasi
strip30x3,19,C2-SR5-2-01-P1-M01K2,M03,383.3333,studi - belum fabrikasi
strip30x3,19,C2-SR5-2-01-P1-M01K3,M03,383.3333,studi - belum fabrikasi
strip30x3,19,C2-SR5-2-01-P1-M10K2,M03,383.3333,studi - belum fabrikasi
strip30x3,20,C2-SR5-2-01-P1-M10K3,M03,383.3333,studi - belum fabrikasi
strip30x3,20,C2-SR5-2-01-P1-M11K2,M03,383.3333,studi - belum fabrikasi
strip30x3,20,C2-SR5-2-01-P1-M11K3,M03,383.3333,studi - belum fabrikasi
strip30x3,20,C2-SRTAIL-1-01-P1-M00K2,M03,383.3333,studi - belum fabrikasi
strip30x3,20,C2-SRTAIL-1-01-P1-M00K3,M03,383.3333,studi - belum fabrikasi
strip30x3,20,C2-SRTAIL-1-01-P1-M01K2,M03,383.3333,studi - belum fabrikasi
strip30x3,20,C2-SRTAIL-1-01-P1-M01K3,M03,383.3333,studi - belum fabrikasi
strip30x3,20,C2-SRTAIL-2-01-P1-M00K2,M03,383.3333,studi - belum fabrikasi
strip30x3,20,C2-SRTAIL-2-01-P1-M00K3,M03,383.3333,studi - belum fabrikasi
strip30x3,20,C2-SRTAIL-2-01-P1-M01K2,M03,383.3333,studi - belum fabrikasi
strip30x3,20,C2-SRTAIL-2-01-P1-M01K3,M03,383.3333,studi - belum fabrikasi
